golden_id,expected_name,iso3,candidate_qid,label,description,distance_km,sitelinks,instance_of,found_by,name_match,status
G001,Giza Pyramids,EGY,Q12508,Giza pyramid complex,"archaeological site on the Giza Plateau, Egypt",0.12,92,Q125866682|Q16887380|Q28415786,search,no,ambiguous
G001,Giza Pyramids,EGY,Q13217298,Giza Necropolis,"part of the archaeological site on the Giza plateau, near Cairo, Egypt",0.72,86,Q125866682,search,no,ambiguous
G001,Giza Pyramids,EGY,Q1175856,Memphis and its Necropolis – the Pyramid Fields from Giza to Dahshur,UNESCO World Heritage site,0.19,4,Q18247357|Q125866553,whs,no,near
G001,Giza Pyramids,EGY,Q111999102,Giza Pyramids View Inn,hotel in Egypt,0.92,0,Q27686,search,no,near
G001,Giza Pyramids,EGY,Q81788,Giza,city in Egypt,7.77,115,Q515|Q1200957,search,yes,far
G001,Giza Pyramids,EGY,Q30832,Giza Governorate,governorate of Egypt,162.26,55,Q204910,search,no,far
G001,Giza Pyramids,EGY,Q1356428,Gizay,"commune in Vienne, France",3215.68,36,Q484170,search,no,far
G001,Giza Pyramids,EGY,Q1074851,Giza Studio,record label under Being Inc.,,8,Q18127,search,no,far
G001,Giza Pyramids,EGY,Q36982820,Giza,family name,,2,Q101352,search,yes,far
G001,Giza Pyramids,EGY,Q30598263,Giza,2010 EP by Gatekeeper,,1,Q169930,search,yes,far
G001,Giza Pyramids,EGY,Q106419273,Giza Pyramids Construction: an ancient-inspired metaheuristic algorithm for optimization,,,0,Q13442814,search,no,far
G002,Cairo,EGY,Q85,Cairo,capital city of Egypt,0.05,261,Q1549591|Q174844|Q51929311|Q200250,search,yes,ambiguous
G002,Cairo,EGY,Q1100964,Islamic Cairo,urban district,2.58,45,Q2983893|Q702492,whs,yes,ambiguous
G002,Cairo,EGY,Q461793,Cairo International Airport,"International Airport just outside Cairo, Egypt",18.47,54,Q644371|Q1248784|Q94993988,search,no,far
G002,Cairo,EGY,Q30805,Cairo Governorate,governorate of Egypt,30.41,60,Q204910,search,no,far
G002,Cairo,EGY,Q2171022,HMT Royal Edward,1907 liner converted to troopship,876.77,4,Q697196|Q671079|Q852190,search,no,far
G002,Cairo,EGY,Q4117619,Al Qahirah District,"District of Ta'izz Governorate, Yemen",2251.62,10,Q6617100,search,no,far
G002,Cairo,EGY,Q575306,Cairo,"city in Illinois, United States",10316.98,50,Q1093829|Q62049,search,yes,far
G002,Cairo,EGY,Q5773434,Historic Cairo Restoration Project,medieval islamic Cairo restoration project,,5,,search,no,far
G002,Cairo,EGY,Q16865296,Cairo,family name,,2,Q101352,search,yes,far
G002,Cairo,EGY,Q99836774,Cairo,given name,,0,Q202444,search,yes,far
G002,Cairo,EGY,Q113723388,Historic Cairo's Boundaries: Analysis and Evaluation,scientific article published in 2022,,0,Q13442814,search,no,far
G002,Cairo,EGY,Q124972236,al-Qāhira,periodical published in Cairo from 1889 onwards,,0,Q1002697,search,yes,far
G002,Cairo,EGY,Q124972231,al-Qāhira,newspaper published in Tanta from 1924 onwards,,0,Q11032|Q1002697,search,yes,far
G002,Cairo,EGY,Q124972234,al-Qāhira,periodical published in Cairo between 1886 and 1887,,0,Q1002697,search,yes,far
G002,Cairo,EGY,Q124972232,al-Qāhira,newspaper published in Damanhur from 1924 onwards,,0,Q11032|Q1002697,search,yes,far
G003,Luxor (Thebes),EGY,Q130514,Luxor,city in southern Egypt,0.58,105,Q515|Q1549591,search,yes,ambiguous
G003,Luxor (Thebes),EGY,Q101583,Thebes,ancient Egyptian city,3.75,82,Q15661340|Q839954|Q655593|Q18247357,search,yes,ambiguous
G003,Luxor (Thebes),EGY,Q141298543,Ancient Thebes with its Necropolis,World Heritage site in Egypt,3.75,1,Q473972,whs,no,near
G003,Luxor (Thebes),EGY,Q5760,Thebes,"modern city in Boeotia, Greece",1653.71,74,Q515,search,yes,far
G003,Luxor (Thebes),EGY,Q11225429,Thebes,ancient Greek city-state,1654.02,9,Q148837,search,yes,far
G003,Luxor (Thebes),EGY,Q11045962,Thebes,"village in Alexander County, Illinois, USA",10767.45,28,Q110071217,search,yes,far
G003,Luxor (Thebes),EGY,Q270477,Luxor,2005 video game,,13,Q7889,search,yes,far
G003,Luxor (Thebes),EGY,Q104830952,Luxor,2018 board game,,2,Q131436,search,yes,far
G003,Luxor (Thebes),EGY,Q104790241,Egyptian corvette Luxor,2020 El Fateh-class corvette,,2,Q170013,search,no,far
G003,Luxor (Thebes),EGY,Q1615469,Thebes,2007 board game,,2,Q131436,search,yes,far
G003,Luxor (Thebes),EGY,Q111468938,Luxor,Russian singer,,1,Q5,search,yes,far
G003,Luxor (Thebes),EGY,Q12040678,NEOLUXOR,former Czech company,,1,Q4830453|Q6881511|Q783794,search,no,far
G003,Luxor (Thebes),EGY,Q136760130,Luxor,Czech bookstore chain,,1,Q42414514|Q431289|Q167270,search,yes,far
G003,Luxor (Thebes),EGY,Q83442013,Thebes,family name,,1,Q101352,search,yes,far
G003,Luxor (Thebes),EGY,Q135055400,Thebes,2024 video game developed by AdamantiumFist,,0,Q7889,search,yes,far
G004,Abu Simbel,EGY,Q134140,Abu Simbel,UNESCO World Heritage Site in southern Egypt,0.05,93,Q839954|Q58621988|Q1497375,search,yes,ambiguous
G004,Abu Simbel,EGY,Q6655437,Abu Simbel,village in Egypt,0.05,18,Q486972|Q125366925,search,yes,ambiguous
G004,Abu Simbel,EGY,Q4923872,Nubian Monuments from Abu Simbel to Philae,,0.07,11,Q839954|Q756102,whs,no,ambiguous
G004,Abu Simbel,EGY,Q5655484,Abu Simbel Profanation,1986 video game,,2,Q7889,search,no,far
G004,Abu Simbel,EGY,Q19979957,Abu-Simbel (Pauly-Wissowa),encyclopedic article in Paulys Realencyclopädie der classischen Altertumswissenschaft (RE),,1,Q13433827,search,no,far
G004,Abu Simbel,EGY,Q98152553,Abu Simbel,painting by Selina Bracebridge,,0,Q3305213,search,yes,far
G004,Abu Simbel,EGY,Q19900998,Abu Simbel,painting by Hubert Sattler,,0,Q3305213,search,yes,far
G004,Abu Simbel,EGY,Q106865374,Abu Simbel,painting by Joseph Lindon Smith,,0,Q3305213,search,yes,far
G005,Aswan,EGY,Q29888,Aswan,Egyptian city,0.07,101,Q515|Q1549591,search,yes,unique
G005,Aswan,EGY,Q29937,Aswan Governorate,Egyptian governorate,56.07,58,Q204910,search,no,far
G005,Aswan,EGY,Q22928654,Aswan,,,3,Q10577534,search,yes,far
G005,Aswan,EGY,Q21446090,Aswan,Indonesian palaeontologist,,1,Q5,search,yes,far
G005,Aswan,EGY,Q123877295,Aswan,Indonesian politician (born 1977 in Jakarta),,0,Q5,search,yes,far
G005,Aswan,EGY,Q123872236,Aswan,Indonesian politician (born 1981 in Concong Luar),,0,Q5,search,yes,far
G005,Aswan,EGY,Q123873315,Aswan,Indonesian politician (born 1974 in Muara-penimbung),,0,Q5,search,yes,far
G006,Alexandria,EGY,Q29943,Alexandria Governorate,Egyptian governorate,0.22,60,Q204910|Q56061,search,no,ambiguous
G006,Alexandria,EGY,Q87,Alexandria,port city on the Mediterranean coast of Egypt,2.54,176,Q2264924|Q15284|Q1549591|Q148837,search,yes,ambiguous
G006,Alexandria,EGY,Q209929,Alexandria,"capital of the county of Teleorman, Romania",1475.54,49,Q640364|Q34843301,search,yes,far
G006,Alexandria,EGY,Q6088,Alessandria,Italian city and commune in Piedmont,2395.86,100,Q747074|Q515,search,no,far
G006,Alexandria,EGY,Q1240659,Alexandria,"town in West Dunbartonshire, Scotland, UK",3840.77,19,Q3957,search,yes,far
G006,Alexandria,EGY,Q88,Alexandria,"city in the state of Virginia, United States",9176.21,81,Q1266818|Q141162078,search,yes,far
G006,Alexandria,EGY,Q5355027,Alexandria,former electoral district of New South Wales,14579.04,1,Q3032154,search,yes,far
G006,Alexandria,EGY,Q44024,Athanasius of Alexandria,Pope of Alexandria from 328 to 373 (296–373),,86,Q5,search,no,far
G006,Alexandria,EGY,Q170472,Origen,"Christian scholar, ascetic, and theologian (c. 185 – c. 253)",,83,Q5,search,no,far
G006,Alexandria,EGY,Q178217,Diophantus of Alexandria,3rd century Alexandrian Greek mathematician,,81,Q5,search,no,far
G006,Alexandria,EGY,Q211783,Pappus of Alexandria,4th century Greek mathematician,,55,Q5,search,no,far
G006,Alexandria,EGY,Q451572,Menelaus of Alexandria,Greek mathematician and astronomer,,29,Q5,search,no,far
G006,Alexandria,EGY,Q20899021,Alexandria,female given name,,2,Q11879590,search,yes,far
G007,Saint Catherine's Monastery and Mount Sinai,EGY,Q185362,Saint Catherine Monastery,"Greek Orthodox monastery (the oldest) at the foot of Mount Sinai, Egypt",0.05,74,Q44613,search,no,ambiguous
G007,Saint Catherine's Monastery and Mount Sinai,EGY,Q377485,Mount Sinai,mountain in the Sinai Peninsula of Egypt,1.96,87,Q8502,search,yes,ambiguous
G007,Saint Catherine's Monastery and Mount Sinai,EGY,Q2468771,Saint Catherine Area,,0.06,2,Q4835091,whs,yes,near
G007,Saint Catherine's Monastery and Mount Sinai,EGY,Q3860574,Saint Catherine's Monastery,"former monastery in Tallinn, Estonia",3504.96,15,Q44613|Q2742167,search,yes,far
G007,Saint Catherine's Monastery and Mount Sinai,EGY,Q3468969,Mount Sinai,"hamlet located within the Town of Brookhaven in Suffolk County, New York, United States",9245.76,24,Q498162|Q17343829|Q110010841,search,yes,far
G007,Saint Catherine's Monastery and Mount Sinai,EGY,Q1476505,Mount Sinai Hospital,"hospital in Manhattan, New York City, United States",9320.92,22,Q16917|Q163740,search,no,far
G007,Saint Catherine's Monastery and Mount Sinai,EGY,Q1950740,Icahn School of Medicine at Mount Sinai,medical school,9320.99,11,Q494230|Q23002054,search,no,far
G007,Saint Catherine's Monastery and Mount Sinai,EGY,Q41559869,Mount Sinai West,"hospital in Manhattan, New York City, United States",9324.56,1,Q1813474,search,no,far
G007,Saint Catherine's Monastery and Mount Sinai,EGY,Q1736097,Saint Catherine's Monastery,Wikimedia disambiguation page,,6,Q4167410,search,yes,far
G007,Saint Catherine's Monastery and Mount Sinai,EGY,Q6923672,Mount Sinai Journal of Medicine,journal,,1,Q5633421|Q16024164,search,no,far
G007,Saint Catherine's Monastery and Mount Sinai,EGY,Q101568205,Mount Sinai,painting by El Greco (Modena Triptych),,0,Q3305213,search,yes,far
G008,Siwa Oasis,EGY,Q2008735,Siwa Oasis,depression in the Western Desert of Egypt,0.26,61,Q43742|Q190429,search,yes,unique
G008,Siwa Oasis,EGY,Q23935227,Siwa Oasis,"spring in Matrouh Governorate, Egypt",1.45,1,Q124714,search,yes,near
G008,Siwa Oasis,EGY,Q11824748,Siwa Oasis North Airport,airport in Egypt,16.05,3,Q1248784,search,no,far
G008,Siwa Oasis,EGY,Q105085601,Siwa Oasis forts,,,1,Q1785071,search,no,far
G008,Siwa Oasis,EGY,Q29390340,,Wikimedia disambiguation page,,1,Q4167410,search,no,far
G008,Siwa Oasis,EGY,Q103967351,Siwa Oasis,encyclopedia article,,0,Q13433827,search,yes,far
G009,White Desert,EGY,Q2556953,White Desert,natural protectorate north of the el-Farafra depression,6.58,25,Q46169,search,yes,unique
G009,White Desert,EGY,Q3077720,Eremarionta immaculata,species of gastropod,,10,Q16521,search,no,far
G009,White Desert,EGY,Q3448681,The White Desert,1925 film by Reginald Barker,,5,Q11424,search,no,far
G009,White Desert,EGY,Q106639601,White Desert (company),British tour operator,,2,Q133744,search,no,far
G009,White Desert,EGY,Q77540779,White Desert,painting by Martha Visser't Hooft,,0,Q3305213,search,yes,far
G009,White Desert,EGY,Q64509646,White Desert Member,"stratigraphic layer in WA, Australia",,0,Q2092603,search,no,far
G009,White Desert,EGY,Q98705699,"WHITE DESERTSNAIL, EREMARIONTA IMMACULATA (GASTROPODA: PULMONATA), ACTIVITY DURING DAYLIGHT AFTER WINTER RAINFALL",,,0,Q13442814,search,no,far
G010,Sharm el-Sheikh,EGY,Q644,Sharm el-Sheikh,"city in South Sinai, Egypt",7.53,87,Q515|Q317548|Q1549591|Q10545864,search,yes,ambiguous
G010,Sharm el-Sheikh,EGY,Q326268,Sharm el-Sheikh International Airport,"international airport serving Sharm el-Sheikh, Egypt",9.31,44,Q644371|Q1248784|Q94993988,search,no,ambiguous
G010,Sharm el-Sheikh,EGY,Q1427211,Flash Airlines Flight 604,2004 Egyptian aircraft accident,10.58,23,Q744913,search,no,ambiguous
G010,Sharm el-Sheikh,EGY,Q31939615,Sharm el-Sheikh,,0.02,1,Q17362920,search,yes,near
G010,Sharm el-Sheikh,EGY,Q64744327,Sharm El Sheikh Museum,"museum in Sharm El Sheikh, Egypt",2.33,3,Q3329412,search,no,near
G010,Sharm el-Sheikh,EGY,Q111387146,Sharm El Sheikh,port in Egypt,8.65,0,Q44782,search,no,near
G010,Sharm el-Sheikh,EGY,Q7869294,USS Fahrion,1979 Oliver Hazard Perry-class frigate,,4,Q161705,search,no,far
G012,Edfu,EGY,Q613037,Temple of Edfu,"ancient Egyptian temple, located on the west bank of the Nile in Edfu, Upper Egypt",0.04,46,Q855747|Q44539|Q109607|Q839954,search,no,ambiguous
G012,Edfu,EGY,Q239107,Edfu,"Egyptian city, located on the west bank of the Nile River",0.59,59,Q515|Q1549591,search,yes,ambiguous
G012,Edfu,EGY,Q104538074,Apollinopolis Magna,ancient city in Egypt,0.06,2,Q15661340,search,no,near
G012,Edfu,EGY,Q22928827,Edfu,,0.59,3,Q10577534,search,yes,near
G012,Edfu,EGY,Q103908708,Edfu,encyclopedic article,,0,Q13433827,search,yes,far
G012,Edfu,EGY,Q117012017,Edfu,bulk carrier built in 1997,,0,Q15276,search,yes,far
G012,Edfu,EGY,Q28539527,"Edfu, Upper Egypt",painting by John Frederick Lewis,,0,Q3305213,search,no,far
G013,Wadi Al-Hitan,EGY,Q501833,Wadi Al-Hitan,paleontological site in the Faiyum Governorate of Egypt,0.39,47,Q23790|Q9096832,whs,yes,unique
G013,Wadi Al-Hitan,EGY,Q35240164,Wādī al Ḩīţān,,1572.47,1,Q187971,search,no,far
G013,Wadi Al-Hitan,EGY,Q34233670,Whale Valley,,11244.94,1,Q39816,search,yes,far
G013,Wadi Al-Hitan,EGY,Q20756579,Whale Valley,short film directed by Guðmundur Arnar Guðmundsson,,2,Q24862,search,yes,far
G013,Wadi Al-Hitan,EGY,Q136833542,,scientific article published on 5 September 2023,,0,Q13442814,search,no,far
G014,Machu Picchu,PER,Q676203,Machu Picchu,15th-century Inca citadel in the Peruvian Andes and UNESCO World Heritage Site,0.07,150,Q15661340|Q839954|Q9259,search,yes,unique
G014,Machu Picchu,PER,Q45776914,Montaña Machu Picchu,mountain in Peru,1.32,3,Q8502,search,no,near
G014,Machu Picchu,PER,Q3331815,Historic Sanctuary of Machu Picchu,UNESCO World Heritage Site in Latin America and the Caribbean,6.62,8,Q473972,whs,yes,near
G014,Machu Picchu,PER,Q2886434,Machu Picchu Base,antarctic station of Peru,5555.32,14,Q749622,search,no,far
G014,Machu Picchu,PER,Q766200,8277 Machu-Picchu,asteroid,,19,Q3863,search,no,far
G014,Machu Picchu,PER,Q2619262,Machu Picchu,Tangerine Dream album,,3,Q482994,search,yes,far
G014,Machu Picchu,PER,Q9026503,Machu Picchu,song performed by The Strokes,,1,Q105543609,search,yes,far
G014,Machu Picchu,PER,Q135264419,Machu Picchu,Tony Hawk's Downhill Jam level,,0,Q1046315,search,yes,far
G014,Machu Picchu,PER,Q115795125,Machu-Pichu,Peruvian melody also used as a hymn tune,,0,Q105543609,search,no,far
G015,Cusco,PER,Q2723621,Cusco District,"district in Cusco, Peru",0.8,14,Q2179958,search,no,ambiguous
G015,Cusco,PER,Q1132101,Cusco Province,Peruvian province,0.81,24,Q509686,search,no,ambiguous
G015,Cusco,PER,Q5582862,Cusco,"historic city of Peru, capital of the Department of Cusco",2.09,115,Q515|Q1549591|Q15243209|Q702492,search,yes,ambiguous
G015,Cusco,PER,Q1431170,Alejandro Velasco Astete International Airport,airport,2.56,18,Q644371|Q1248784|Q94993988,search,no,ambiguous
G015,Cusco,PER,Q28502997,Historic centre of Cusco,world Heritage Site in Peru,1.93,3,Q676050|Q9259,whs,no,near
G015,Cusco,PER,Q205057,Cusco Department,department of Peru,33.97,53,Q861184,search,no,far
G015,Cusco,PER,Q2482024,Cuzco,Madrid Metro station,9228.6,15,Q928830|Q22808403,search,yes,far
G015,Cusco,PER,Q772752,8279 Cuzco,asteroid,,21,Q3863,search,no,far
G015,Cusco,PER,Q387053,Cusco,German musical group,,8,Q215380,search,yes,far
G015,Cusco,PER,Q115783299,Cuscó,family name,,1,Q101352,search,yes,far
G015,Cusco,PER,Q37563299,Cuzco,family name,,0,Q101352,search,yes,far
G016,Sacred Valley (Ollantaytambo),PER,,,,,,,,,none
G017,Lima,PER,Q3320442,Historic Centre of Lima,World Heritage Site in Peru,1.54,18,Q676050|Q15243209|Q702492|Q123705,whs,no,ambiguous
G017,Lima,PER,Q2868,Lima,capital and largest city of Peru,1.76,219,Q515|Q1549591|Q618123|Q174844,search,yes,ambiguous
G017,Lima,PER,Q211795,Lima Department,department of Peru,66.75,52,Q861184,search,no,far
G017,Lima,PER,Q3352964,Lima,metro station in Buenos Aires,3137.09,11,Q928830|Q22808403,search,yes,far
G017,Lima,PER,Q574206,Lima,brand of railway models,,13,Q4830453|Q431289|Q13235160,search,yes,far
G017,Lima,PER,Q127940,Lima,genus of molluscs,,12,Q16521,search,yes,far
G017,Lima,PER,Q11255517,Lima,family name,,7,Q101352,search,yes,far
G017,Lima,PER,Q67609267,Lima,male given name,,1,Q12308941,search,yes,far
G018,Lake Titicaca (Puno),PER,,,,,,,,,none
G019,Colca Canyon,PER,Q1107685,Colca Canyon,valley,9.21,28,Q39816,search,yes,unique
G020,Arequipa,PER,Q159273,Arequipa,"city of Peru, capital of Arequipa region",0.01,105,Q1549591|Q56061,search,yes,ambiguous
G020,Arequipa,PER,Q601118,Arequipa Province,"province in Arequipa, Peru",0.02,24,Q509686,search,no,ambiguous
G020,Arequipa,PER,Q3321924,Arequipa District,"district in Arequipa, Peru",0.38,12,Q2179958,search,no,ambiguous
G020,Arequipa,PER,Q8343756,Historic Centre of Arequipa,World Heritage Site in Peru,0.41,10,Q676050|Q702492|Q137345883,whs,no,ambiguous
G020,Arequipa,PER,Q205068,Arequipa Department,department of Peru,96.92,59,Q861184,search,no,far
G020,Arequipa,PER,Q156840,,main-belt asteroid,,39,Q3863,search,no,far
G020,Arequipa,PER,Q4789060,Arequipa,genus of insects,,2,Q310890,search,yes,far
G020,Arequipa,PER,Q4068983,Arequipa,genus of plants,,1,Q16521,search,yes,far
G021,Nazca Lines,PER,Q2620036,Nazca Lines,large geoglyphs made in the soil of the Nazca Desert in Peru,4.65,69,Q45791|Q839954,whs,yes,unique
G021,Nazca Lines,PER,Q19888731,Nazca Lines Star Chart. Nazca Lines Southern Hemisphere Constellation Chart Correlation,painting by Michelle Stuart,,0,Q3305213,search,no,far
G021,Nazca Lines,PER,Q110984030,Nazca Lines hummingbird,hummingbird drawing seen in the Nazca lines,,0,Q45791,search,no,far
G021,Nazca Lines,PER,Q47312221,Nasca lines: a mystery wrapped in an enigma,scientific article published in September 2003,,0,Q13442814,search,no,far
G022,Manu National Park,PER,Q390264,Manu National Park,World Heritage Site and national park in Peru,27.47,46,Q20488347,whs,yes,unique
G023,Iquitos,PER,,,,,,,,,none
G024,Huascarán National Park (Huaraz),PER,Q1140995,Huaraz province,"province of Ancash department, Peru",0.6,22,Q509686,search,no,ambiguous
G024,Huascarán National Park (Huaraz),PER,Q793809,Huaraz,"city in Ancash, Peru",1.0,52,Q515|Q1549591,search,yes,ambiguous
G024,Huascarán National Park (Huaraz),PER,Q2697234,Huaraz district,"district of Huaraz province, Peru",1.0,12,Q2179958,search,no,ambiguous
G024,Huascarán National Park (Huaraz),PER,Q917369,Huascarán National Park,World Heritage Site and national park in Peru,19.83,41,Q20488347,whs,no,ambiguous
G024,Huascarán National Park (Huaraz),PER,Q111117832,Huaraz Hotel Center,hotel in Huaraz,0.4,0,Q27686,search,no,near
G024,Huascarán National Park (Huaraz),PER,Q117260912,Huascarán Biosphere Reserve,protected natural area in Peru,30.97,1,Q158454,search,no,near
G024,Huascarán National Park (Huaraz),PER,Q200935,Huascarán,mountain in the Peruvian province of Yungay,46.2,49,Q8502,search,yes,far
G024,Huascarán National Park (Huaraz),PER,Q804330,Cordillera Blanca,mountain range,46.2,35,Q46831,search,yes,far
G024,Huascarán National Park (Huaraz),PER,Q23652810,Cordillera Blanca,,3227.3,3,Q46831,search,yes,far
G024,Huascarán National Park (Huaraz),PER,Q1619141,Huascaran,motor ship built in 1939,,3,Q402092|Q1752434|Q2055880,search,yes,far
G024,Huascarán National Park (Huaraz),PER,Q40696444,Huaraz Quechua,Huaylas Quechua dialect of Peru,,2,Q33384,search,no,far
G024,Huascarán National Park (Huaraz),PER,Q25409528,Huaraz Rebellion,1885–1887 conflict in Peru,,2,Q124734,search,no,far
G024,Huascarán National Park (Huaraz),PER,Q12020843,Huascaran,album by Fermata,,2,Q482994,search,yes,far
G024,Huascarán National Park (Huaraz),PER,Q28163374,Cordillera Blanca Batholith,geologic formation in Peru,,2,Q810808,search,no,far
G024,Huascarán National Park (Huaraz),PER,Q25230484,Cordillera Blanca Fault Zone,system of geological faults in the Peruvian Andes,,2,,search,no,far
G024,Huascarán National Park (Huaraz),PER,Q138497127,Huaraz landslide in 2025,landslide in the Casca River in the Independencia district of Huaraz,,1,Q167903,search,no,far
G024,Huascarán National Park (Huaraz),PER,Q122710207,Huascaran,ship built in 1974,,0,Q11446,search,yes,far
G024,Huascarán National Park (Huaraz),PER,Q122093476,,book edition published in 2020,,0,Q3331189,search,no,far
G024,Huascarán National Park (Huaraz),PER,Q64142472,Cordillera Blanca,glacier in Peru,,0,Q35666,search,yes,far
G024,Huascarán National Park (Huaraz),PER,Q118496275,Chasing Glaciers,documentary short film,,0,Q24862,search,no,far
G024,Huascarán National Park (Huaraz),PER,Q141031095,Cordillera Blanca - Glaciares en la historia,"scholarly article published in Bulletin de l'Institut français d'études andines, vol. 24, no. 1 (1995) (DOI: 10.3406/BIFEA.1995.1172)",,0,Q13442814,search,no,far
G025,Chan Chan,PER,Q277540,Chan Chan,Archaeological site in Peru,0.41,52,Q839954,whs,yes,unique
G025,Chan Chan,PER,Q11098528,Chan-Chan,archaeological site and beach in Chile,3538.1,3,Q40080|Q839954,search,no,far
G025,Chan Chan,PER,Q16858927,Chan Chan Airport,airport in Chile,3598.24,4,Q1248784,search,no,far
G025,Chan Chan,PER,Q1061563,Chan Chan,1997 single by Buena Vista Social Club,,11,Q134556,search,yes,far
G025,Chan Chan,PER,Q17411101,Chan Chan,Burmese model and singer,,3,Q5,search,yes,far
G025,Chan Chan,PER,Q16241041,Chan Chandler,American pastor,,1,Q5,search,no,far
G025,Chan Chan,PER,Q103896910,Chan Chan,encyclopedia article,,0,Q13433827,search,yes,far
G026,Paracas,PER,Q1641076,Paracas,"human settlement in the Paracas District, Peru",0.88,11,Q486972|Q515,search,yes,unique
G026,Paracas,PER,Q2307752,Paracas National Reservation,natural reserve in Peru,30.5,20,Q473972|Q19683138,search,no,far
G026,Paracas,PER,Q1127723,Paracas culture,archaeological culture,,29,Q465299,search,no,far
G026,Paracas,PER,Q2702485,Paracassina,genus of amphibians,,15,Q16521,search,no,far
G026,Paracas,PER,Q10616927,Paracassidina,genus of crustaceans,,4,Q16521,search,no,far
G026,Paracas,PER,Q10616939,Paracassidinopsis,genus of crustaceans,,4,Q16521,search,no,far
G026,Paracas,PER,Q22912010,Paracassidulina,genus of foraminifers,,2,Q16521,search,no,far
G027,Rome,ITA,Q220,Rome,capital and largest city of Italy,0.06,344,Q902814|Q3685476|Q1200957|Q200250,search,yes,ambiguous
G027,Rome,ITA,Q17167,Roman Republic,period of ancient Roman civilization (509 BC–27 BC),1.68,122,Q11514315|Q1307214|Q48349|Q3024240,search,no,ambiguous
G027,Rome,ITA,Q18448486,"Historic Centre of Rome, the Properties of the Holy See in that City Enjoying Extraterritorial Rights and San Paolo Fuori le Mura",World Heritage Site in Italy,0.38,5,Q676050|Q702492,whs,no,near
G027,Rome,ITA,Q567806,Rome,Paris Métro station,1108.85,20,Q928830|Q22808403,search,yes,far
G027,Rome,ITA,Q6580,Rome,"county seat of Floyd County, Georgia, United States",8107.57,52,Q1093829|Q62049|Q76514543,search,yes,far
G027,Rome,ITA,Q6655,UTC+01:00,identifier for a time offset from UTC of +1,,93,Q17272482,search,no,far
G027,Rome,ITA,Q37571708,Rome,family name,,3,Q101352,search,yes,far
G027,Rome,ITA,Q98557812,Rome,male given name,,0,Q12308941,search,yes,far
G028,Florence,ITA,Q2044,Florence,"Italian city and commune, located in Tuscany",0.27,214,Q747074|Q1549591|Q5119|Q4115680,search,yes,ambiguous
G028,Florence,ITA,Q2707802,Historic Centre of Florence,quarter in Borough 1 - Historical Center of Florence,0.46,22,Q676050|Q18608436|Q702492|Q149621,whs,no,ambiguous
G028,Florence,ITA,Q597842,Florence,"county seat of Florence County, South Carolina, United States",7538.4,45,Q1093829|Q62049,search,yes,far
G028,Florence,ITA,Q51844095,Florence,2018 interactive story and video game,,14,Q7889,search,yes,far
G028,Florence,ITA,Q950780,Florence,female given name,,10,Q11879590,search,yes,far
G028,Florence,ITA,Q108484951,Florence,bishop of the Roman Catholic Church,,0,Q5,search,yes,far
G028,Florence,ITA,Q112643777,Florence,,,0,Q5,search,yes,far
G028,Florence,ITA,Q111507022,Florence,20 Aug 1620,,0,Q5,search,yes,far
G029,Venice,ITA,Q641,Venice,"capital city of Veneto, Italy",0.43,230,Q747074|Q581830|Q2264924|Q515,whs,yes,unique
G029,Venice,ITA,Q11352141,Venice and its Lagoon,World Heritage site in Italy,1.02,3,Q702492,whs,no,near
G029,Venice,ITA,Q4948,Republic of Venice,"former state (697–1797) controlling, at various times, parts of northeastern Italy, the Balkans, and Mediterranean islands",32.09,95,Q3624078|Q62825|Q3024240,search,no,far
G029,Venice,ITA,Q773853,Venice,"beachfront neighborhood in Los Angeles, California, USA",9891.07,40,Q52154375,search,yes,far
G029,Venice,ITA,Q3555518,Venice,1999 video game,,2,Q7889,search,yes,far
G029,Venice,ITA,Q7919972,Venice,2007 puzzle video game,,2,Q7889,search,yes,far
G029,Venice,ITA,Q37556754,Venice,family name,,1,Q101352,search,yes,far
G029,Venice,ITA,Q109853296,Venice,given name,,0,Q202444,search,yes,far
G030,Pompeii,ITA,Q43332,Pompeii,"ancient Roman city near modern Naples, Italy",0.23,122,Q839954|Q15661340,search,yes,ambiguous
G030,Pompeii,ITA,Q36471,Pompei,"city in Campania, southern Italy",1.1,68,Q747074,search,no,ambiguous
G030,Pompeii,ITA,Q16920958,"Archaeological Areas of Pompei, Herculaneum and Torre Annunziata",World Heritage site in Italy,0.33,2,Q16887380,whs,no,near
G030,Pompeii,ITA,Q3396071,Pompeii,2014 film directed by Paul W. S. Anderson,,36,Q11424,search,yes,far
G030,Pompeii,ITA,Q7227455,Pompeii,2013 single by Bastille,,17,Q134556,search,yes,far
G030,Pompeii,ITA,Q1507713,Pompeia gens,Roman gens,,14,Q899409,search,no,far
G030,Pompeii,ITA,Q110832939,Pompeii,2022 album by Cate Le Bon,,5,Q482994,search,yes,far
G030,Pompeii,ITA,Q37559636,Pompeii,family name,,0,Q101352,search,yes,far
G031,Milan,ITA,Q490,Milan,Italian commune and capital city of Lombardy,0.33,226,Q515|Q956214|Q956214|Q956214,search,yes,unique
G031,Milan,ITA,Q1645063,Milan,"village in Erie and Huron Counties, Ohio, USA",7005.79,40,Q108569739,search,yes,far
G031,Milan,ITA,Q1543,AC Milan,"football club in Milan, Italy",,126,Q476028|Q103229495,search,no,far
G031,Milan,ITA,Q1076681,Milan,male given name,,17,Q12308941|Q3409032,search,yes,far
G031,Milan,ITA,Q16873817,Milan,family name,,3,Q101352,search,yes,far
G031,Milan,ITA,Q108005970,Milán,male given name,,2,Q12308941,search,yes,far
G031,Milan,ITA,Q41533630,Milán,family name,,2,Q101352,search,yes,far
G032,Naples,ITA,Q832957,Historic Centre of Naples,"World Heritage site in Naples, Italy",0.44,18,Q702492|Q123705,whs,no,ambiguous
G032,Naples,ITA,Q691851,University of Naples Federico II,university in Naples,1.08,43,Q875538|Q45400320,search,no,ambiguous
G032,Naples,ITA,Q2634,Naples,"capital city of Campania, Italy",2.43,207,Q515|Q747074|Q1549591,search,yes,ambiguous
G032,Naples,ITA,Q2361169,Naples,"town in Cumberland County, Maine, United States",6651.41,26,Q15127012,search,yes,far
G032,Naples,ITA,Q257830,Naples,"city in Collier County, Florida, United States",8616.86,60,Q1093829,search,yes,far
G032,Naples,ITA,Q3870228,Naples,"unincorporated community in Boundary County, Idaho, United States",8955.94,6,Q17343829,search,yes,far
G032,Naples,ITA,Q976503,Naples,"city in Morris County, Texas, United States",9030.92,31,Q1093829,search,yes,far
G032,Naples,ITA,Q37550197,Naples,family name,,1,Q101352,search,yes,far
G033,Siena,ITA,Q2751,Siena,"city in Tuscany, Italy and capital of the province of Siena",0.05,129,Q1187811|Q747074|Q515,search,yes,ambiguous
G033,Siena,ITA,Q16275,Province of Siena,province of Italy,1.72,82,Q15089,search,no,ambiguous
G033,Siena,ITA,Q49280771,Siena,,0.04,1,,search,yes,near
G033,Siena,ITA,Q17163322,Historic Centre of Siena,"city centre of Siena, Italy",0.09,3,Q676050,whs,no,near
G033,Siena,ITA,Q42948,wall,"vertical structure, usually solid, that defines and sometimes protects an area",,135,,search,no,far
G033,Siena,ITA,Q2756,Siena FC,"Italian football club based in Siena, Tuscany",,51,Q476028,search,no,far
G033,Siena,ITA,Q20001017,Siena,female given name,,1,Q11879590,search,yes,far
G033,Siena,ITA,Q37543776,Siena,family name,,1,Q101352,search,yes,far
G034,Amalfi Coast,ITA,Q80563,Amalfi,Italian comune,0.08,88,Q747074,search,yes,ambiguous
G034,Amalfi Coast,ITA,Q212214,Amalfi Coast,"coastal area in the Campania region, Italy",0.26,58,Q93352,whs,yes,ambiguous
G034,Amalfi Coast,ITA,Q30022186,Amalfi,chief town of the homonym municipality,0.11,1,Q15303838,search,yes,near
G034,Amalfi Coast,ITA,Q55435622,,protected area in Italy,6.4,1,Q15069452,search,no,near
G034,Amalfi Coast,ITA,Q55436155,,protected area in Italy,8.59,1,Q15069452,search,no,near
G034,Amalfi Coast,ITA,Q112018309,Amalfi Coast,"hotel in Salerno, Italy",14.71,0,Q27686,search,yes,near
G034,Amalfi Coast,ITA,Q55436017,Costiera amalfitana tra Nerano e Positano,protected area in Italy,16.59,2,Q15069452,search,no,near
G034,Amalfi Coast,ITA,Q1432673,Salerno Costa d'Amalfi Airport,"international airport serving Salerno, Italy",26.17,16,Q644371|Q1248784|Q94993988,search,no,far
G034,Amalfi Coast,ITA,Q1441668,Amalfi,Colombian municipality of the department of Antioquia,9481.02,27,Q2555896,search,yes,far
G034,Amalfi Coast,ITA,Q3613557,Amalfi,1908 Pisa-class cruiser,,14,Q847478,search,yes,far
G034,Amalfi Coast,ITA,Q7671791,Star of Venice,ship built 1952 for Norway - England route,,7,Q2055880|Q12859788,search,no,far
G034,Amalfi Coast,ITA,Q37432738,Amalfitano,family name,,2,Q101352,search,no,far
G034,Amalfi Coast,ITA,Q17921329,,Wikinews article,,1,Q17633526,search,no,far
G034,Amalfi Coast,ITA,Q17897807,,Wikinews article,,1,Q17633526,search,no,far
G034,Amalfi Coast,ITA,Q36889496,Amalfi,family name,,1,Q101352,search,yes,far
G034,Amalfi Coast,ITA,Q80082711,Amalfi Coast,"photograph by Karl F. Struss (American, 1886-1981) (2014.555)",,0,Q4364339|Q125191,search,yes,far
G035,Cinque Terre,ITA,Q275639,Cinque Terre,"rugged portion of coast on the Italian Riviera, Liguria",2.22,67,Q93352|Q1200957,search,yes,ambiguous
G035,Cinque Terre,ITA,Q270295,Riomaggiore,Italian comune,5.83,63,Q747074,search,yes,ambiguous
G035,Cinque Terre,ITA,Q1886487,Cinque Terre National Park,national park in Italy,6.55,20,Q473972|Q46169|Q9259,search,no,ambiguous
G035,Cinque Terre,ITA,Q188315,Porto Venere,Italian comune,15.22,74,Q747074,search,no,ambiguous
G035,Cinque Terre,ITA,Q10351991,"Portovenere, Cinque Terre, and the Islands (Palmaria, Tino and Tinetto)",World Heritage site in Italy,4.77,2,Q1129474,whs,no,near
G035,Cinque Terre,ITA,Q65015905,Cinque Terre and Portovenere,part of a World Heritage site in Italy,4.77,0,Q1129474,search,no,near
G035,Cinque Terre,ITA,Q3097415,Riomaggiore railway halt,railway halt in Italy,5.65,7,Q55678,search,no,near
G035,Cinque Terre,ITA,Q52829234,Riomaggiore Cap. T. Signorini,"primary school in Riomaggiore, La Spezia, Liguria, Italy",5.78,0,Q9842,search,no,near
G035,Cinque Terre,ITA,Q114100442,Riomaggiore Tunnel,railway tunnel in Italy,5.78,0,Q1311958,search,no,near
G035,Cinque Terre,ITA,Q52789670,Riomaggiore-Capoluogo,"kindergarten in Riomaggiore, La Spezia, Liguria, Italy",5.81,0,Q126807,search,no,near
G035,Cinque Terre,ITA,Q30029372,Riomaggiore,chief town of the homonym municipality,5.86,1,Q15303838,search,yes,near
G035,Cinque Terre,ITA,Q52785179,Riomaggiore T.Signorini,primary school in Riomaggiore in the province of La Spezia (Italy) [school id: SPMM80003B],5.86,1,Q57775518,search,no,near
G035,Cinque Terre,ITA,Q3677282,Cinque Terre DOC,Italian controlled designation of origin wine from Liguria,,5,Q282,search,no,far
G035,Cinque Terre,ITA,Q16541428,Cinque Terre Sciacchetrà riserva DOC,type of the Cinque Terre Italian controlled designation of origin,,1,Q282,search,no,far
G035,Cinque Terre,ITA,Q140131024,Cinque Terre,"wine-producing area in Liguria, Italy",,0,Q2140699,search,yes,far
G035,Cinque Terre,ITA,Q110770380,,1964 work of art by Marianne van der Heijden,,0,Q19898787,search,no,far
G035,Cinque Terre,ITA,Q117010132,Portovenere,LNG carrier built in 1997,,0,Q15247,search,yes,far
G035,Cinque Terre,ITA,Q52841720,Portovenere-Le Grazie,"kindergarten in Porto Venere, La Spezia, Liguria, Italy",,0,Q126807,search,no,far
G035,Cinque Terre,ITA,Q52846671,Portovenere-Capoluogo,"kindergarten in Porto Venere, La Spezia, Liguria, Italy",,0,Q126807,search,no,far
G035,Cinque Terre,ITA,Q52786108,Portovenere Giovanni Di Giona,"primary school in Porto Venere, La Spezia, Liguria, Italy",,0,Q57775518,search,no,far
G035,Cinque Terre,ITA,Q52848967,Portovenere Fezzano G.Pascoli,"primary school in Porto Venere, La Spezia, Liguria, Italy",,0,Q9842,search,no,far
G036,Dolomites (Cortina d'Ampezzo),ITA,Q41158,Cortina d'Ampezzo,"town and comune in the Province of Belluno, in the Veneto region of Northern Italy",0.18,94,Q747074|Q3957,search,yes,ambiguous
G036,Dolomites (Cortina d'Ampezzo),ITA,Q9632,1956 Winter Olympics,"7th edition of Winter Olympics, in Cortina d'Ampezzo, Italy",0.84,74,Q137592217|Q14547231,search,no,ambiguous
G036,Dolomites (Cortina d'Ampezzo),ITA,Q1283,Dolomites,mountain range in the Alps,8.71,79,Q1061151|Q46831,search,yes,ambiguous
G036,Dolomites (Cortina d'Ampezzo),ITA,Q30025182,Cortina d'Ampezzo,chief town of the homonym municipality,0.23,1,Q15303838,search,yes,near
G036,Dolomites (Cortina d'Ampezzo),ITA,Q17146371,Cortina d'Ampezzo railway station,railway station in Italy,0.29,3,Q4663385,search,no,near
G036,Dolomites (Cortina d'Ampezzo),ITA,Q1118617,Dolomites Railway,former railway line in Northern Italy,0.37,4,Q728937,search,no,near
G036,Dolomites (Cortina d'Ampezzo),ITA,Q3712706,Dolomites,,24.71,3,Q3958626,search,yes,near
G036,Dolomites (Cortina d'Ampezzo),ITA,Q3712717,Dolomites of Gardena and Fassa,part of the Dolomites mountain range,24.71,2,Q3965305,search,no,near
G036,Dolomites (Cortina d'Ampezzo),ITA,Q1086637,Dolomiti Bellunesi National Park,national park of Italy,41.52,22,Q108047890|Q473972,search,no,far
G036,Dolomites (Cortina d'Ampezzo),ITA,Q115521890,Dolomites observatory,"astronomical observatory in Trentino-South Tyrol, Italy",104.63,0,Q1254933,search,no,far
G036,Dolomites (Cortina d'Ampezzo),ITA,Q4630399,2026 Winter Olympics,"25ᵗʰ edition of Winter Olympics, in Milan and Cortina d'Ampezzo, Italy",256.88,88,Q137592217|Q14547231,search,no,far
G036,Dolomites (Cortina d'Ampezzo),ITA,Q55423213,Dolomiti,"protected area in Pietrapertosa, Italy",739.24,2,Q15069452,search,yes,far
G036,Dolomites (Cortina d'Ampezzo),ITA,Q9613,1944 Winter Olympics,"edition of the Winter Olympics, scheduled in Cortina d'Ampezzo, Italy, canceled due to World War II",,46,Q137592217|Q107745617,search,no,far
G036,Dolomites (Cortina d'Ampezzo),ITA,Q1134814,dolostone,sedimentary carbonate rock,,30,,search,no,far
G036,Dolomites (Cortina d'Ampezzo),ITA,Q51167,Aquila Basket Trento,Italian professional basketball team,,14,Q13393265,search,no,far
G036,Dolomites (Cortina d'Ampezzo),ITA,Q3736526,dolomitization,geological process,,7,,search,no,far
G036,Dolomites (Cortina d'Ampezzo),ITA,Q16550323,DoloMyths Run,international skyrunning competition held in the Italian Dolomites,,3,Q13406554|Q18608583,search,no,far
G036,Dolomites (Cortina d'Ampezzo),ITA,Q1236303,Dolomiti,German ice cream by Unilever,,2,Q167270,search,yes,far
G036,Dolomites (Cortina d'Ampezzo),ITA,Q83667088,Rosa 'Dolomiti',rose cultivar,,1,Q26817508,search,no,far
G036,Dolomites (Cortina d'Ampezzo),ITA,Q50808322,Dolomites Research Notes on Approximation,"Academic journal published by Padova University Press, covering the subjects: Science: Mathematics",,0,Q737498|Q773668,search,no,far
G036,Dolomites (Cortina d'Ampezzo),ITA,Q64142475,Cortina d'Ampezzo,glacier in Italy,,0,Q35666,search,yes,far
G037,Lake Como,ITA,Q15523,Lake Como,"lake in Lombardy, Italy",1.49,86,Q211302,search,yes,unique
G037,Lake Como,ITA,Q209220,Lake Como,"borough of New Jersey, United States",6478.87,30,Q2911266,search,yes,far
G037,Lake Como,ITA,Q6475438,Como Lake,"lake in St. Paul, Minnesota, United States",7366.36,2,Q23397,search,no,far
G037,Lake Como,ITA,Q28540829,Lake Como,painting by Clarkson Frederick Stanfield,,1,Q3305213,search,yes,far
G037,Lake Como,ITA,Q19924218,Lierna,painting by Thomas Moran,,0,Q3305213,search,no,far
G037,Lake Como,ITA,Q20442445,Lake Como,painting by Tom Roberts,,0,Q3305213,search,yes,far
G037,Lake Como,ITA,Q77465902,Lake Como,painting by Anna Richards Brewster,,0,Q3305213,search,yes,far
G038,Pisa,ITA,Q750245,"Piazza del Duomo, Pisa","World Heritage site in Pisa, Italy",0.11,50,Q174782,whs,no,ambiguous
G038,Pisa,ITA,Q13375,Pisa,"city in Tuscany, Central Italy",0.77,156,Q515|Q747074|Q1187811|Q4115680,search,yes,ambiguous
G038,Pisa,ITA,Q12505666,Pisa,"village in Southeast Minahasa Regency, North Sulawesi, Indonesia",11849.38,1,Q26211545,search,yes,far
G038,Pisa,ITA,Q323481,Programme for International Student Assessment,scholastic performance study by the OECD,,55,Q43229|Q64418432|Q117185304|Q2217301,search,no,far
G038,Pisa,ITA,Q11681,Pisauridae,family of spider,,32,Q16521,search,no,far
G038,Pisa,ITA,Q6496891,Pisa,genus of crustaceans,,11,Q16521,search,yes,far
G038,Pisa,ITA,Q21491353,Pisani,family name,,4,Q101352,search,no,far
G038,Pisa,ITA,Q37280807,Pisa,family name,,1,Q101352,search,yes,far
G039,Mount Etna,ITA,Q16990,Mount Etna,"active stratovolcano on the east coast of Sicily, Italy",0.07,125,Q169358|Q107539372,search,yes,unique
G039,Mount Etna,ITA,Q499242,Etna Park,protected area,1.67,7,Q6063204|Q473972,whs,no,near
G039,Mount Etna,ITA,Q31599182,Mount Etna,"mountain in Maryland, United States of America",7742.01,1,Q8502,search,yes,far
G039,Mount Etna,ITA,Q2654747,Mount Etna,"human settlement in Huntington County, Indiana, United States of America",8134.15,26,Q15127012,search,yes,far
G039,Mount Etna,ITA,Q31558224,Mount Etna,"mountain in Arkansas, United States of America",8890.26,1,Q8502,search,yes,far
G039,Mount Etna,ITA,Q49052650,Mount Etna,"mountain in California, United States of America",10292.0,1,Q8502,search,yes,far
G039,Mount Etna,ITA,Q21910719,Mount Etna,mountain in Australia,15497.37,1,Q8502,search,yes,far
G039,Mount Etna,ITA,Q31691751,Mount Etna,hill in New Zealand,17966.07,1,Q54050,search,yes,far
G040,Valley of the Temples (Agrigento),ITA,Q636774,Valle dei Templi,"archaeological site in Sicily, Italy",0.38,38,Q839954|Q3363945|Q124830213,whs,no,unique
G041,Matera,ITA,Q13616,Matera,Italian comune,0.34,103,Q747074,search,yes,ambiguous
G041,Matera,ITA,Q16206,province of Matera,province of Italy,0.34,78,Q15089,search,no,ambiguous
G041,Matera,ITA,Q55739617,The Sassi and the Park of the Rupestrian Churches of Matera,World Heritage site in Italy,0.53,1,Q1129474|Q839954,whs,no,near
G041,Matera,ITA,Q18496548,Matera,"frazione of Acquasanta Terme, Italy",352.69,4,Q1134686,search,yes,far
G041,Matera,ITA,Q55740711,Matera Vidhan Sabha constituency,constituency of the Uttar Pradesh legislative assembly in India,6003.69,4,Q26685543,search,no,far
G041,Matera,ITA,Q21452455,Materazzi,family name,,3,Q101352,search,no,far
G041,Matera,ITA,Q37562204,Matera,family name,,2,Q101352,search,yes,far
G041,Matera,ITA,Q99981538,Materassi,family name,,1,Q101352,search,no,far
G042,Assisi,ITA,Q20103,Assisi,Italian commune in Umbria,0.33,99,Q747074,search,yes,unique
G042,Assisi,ITA,Q16913154,"Assisi, the Basilica of San Francesco and Other Franciscan Sites","historic religious complex at the Basilica of St Francis of Assisi in Umbria, Italy",0.61,1,Q358,whs,no,near
G042,Assisi,ITA,Q583930,15342 Assisi,asteroid,,17,Q3863,search,no,far
G042,Assisi,ITA,Q126598043,Assisi,unisex given name,,0,Q3409032,search,yes,far
G042,Assisi,ITA,Q98149793,Assisi,painting by Annie Louisa Swynnerton,,0,Q3305213,search,yes,far
G042,Assisi,ITA,Q77466003,Assisi,painting by Anna Richards Brewster,,0,Q3305213,search,yes,far
G042,Assisi,ITA,Q110294503,Assisi,hymn tune composed by Francis H. Champneys,,0,Q105543609,search,yes,far
G042,Assisi,ITA,Q112232201,Assisi,painting by Urban 1944,,0,Q3305213,search,yes,far
G043,Alberobello,ITA,Q323069,trullo,Apulian dry stone hut,0.1,38,,search,no,ambiguous
G043,Alberobello,ITA,Q51812,Alberobello,Italian comune,0.12,81,Q747074,search,yes,ambiguous
G043,Alberobello,ITA,Q16913064,The Trulli of Alberobello,,0.06,3,Q1497375,whs,no,near
G043,Alberobello,ITA,Q49280893,,,0.18,1,Q15303838,search,no,near
G043,Alberobello,ITA,Q45527683,Alberobello concentration camp,,0.36,0,Q152081,search,no,near
G043,Alberobello,ITA,Q16970637,Alberobello railway station,"railway station in Alberobello, Italy",0.6,3,Q55488,search,no,near
G043,Alberobello,ITA,Q52830488,Alberobello,"professional institute in Alberobello, Bari, Apulia, Italy",,0,Q3803808,search,yes,far
G043,Alberobello,ITA,Q64594526,Alberobello: Trullo,drawing in the National Gallery of Art (NGA 131874),,0,Q93184,search,no,far
G044,Petra,JOR,Q5788,Petra,ancient rock-cut historical city in Jordan,0.36,117,Q15661340|Q515|Q839954,whs,yes,ambiguous
G044,Petra,JOR,Q2739446,Wadi Musa,human settlement in Jordan,3.45,25,Q486972,search,yes,ambiguous
G044,Petra,JOR,Q35275514,Wādī Mūsá,,4.38,0,Q187971,search,yes,near
G044,Petra,JOR,Q35275525,Wādī Mūsá,,182.5,1,Q187971,search,yes,far
G044,Petra,JOR,Q31912751,Wādī Mūsá,,1362.31,1,Q187971,search,yes,far
G044,Petra,JOR,Q31912746,Wādī Mūsá,,1421.75,1,Q187971,search,yes,far
G044,Petra,JOR,Q4692507,Agia Mavra,"village in Elis, Greece",1545.55,4,Q486972,search,no,far
G044,Petra,JOR,Q31307658,Wādī Musayjid,,1891.74,1,Q187971,search,no,far
G044,Petra,JOR,Q7119023,Positron-Electron Tandem Ring Accelerator,particle accelerator,3302.42,8,Q130825,search,no,far
G044,Petra,JOR,Q1401,Petrarch,Italian scholar and poet (1304-1374),,163,Q5,search,no,far
G044,Petra,JOR,Q740790,Petra,female given name,,21,Q11879590,search,yes,far
G044,Petra,JOR,Q52063072,Petra,2018 film by Jaime Rosales,,9,Q11424,search,yes,far
G044,Petra,JOR,Q2080180,Petra,Finnish musician,,4,Q5,search,yes,far
G044,Petra,JOR,Q26198426,Wadi Musallim,human settlement in Oman,,2,Q486972,search,no,far
G044,Petra,JOR,Q27102749,Petra,family name,,1,Q101352,search,yes,far
G045,Wadi Rum,JOR,Q40729,Wadi Rum,valley in southern Jordan,0.06,60,Q187971|Q473972,whs,yes,unique
G045,Wadi Rum,JOR,Q111111157,Wadi Rum Beduland Camp,campsite in Wadi Rum,4.06,0,Q832778,search,no,near
G045,Wadi Rum,JOR,Q111111154,Wadi Rum Fire Camp,campsite in Wadi Rum,9.57,0,Q832778,search,no,near
G045,Wadi Rum,JOR,Q31338351,Wādī Rumaylah,,1898.15,1,Q187971,search,no,far
G045,Wadi Rum,JOR,Q133806145,Wadi Rumh Dam,dam in United Arab Emirates,2121.58,1,Q12323,search,no,far
G045,Wadi Rum,JOR,Q21732695,Wadi Rumh,wadi in the United Arab Emirates,2123.25,2,Q187971,search,no,far
G045,Wadi Rum,JOR,Q28136149,Wadi Rum Consultancy,The Wadi Rum Consultancy of Wadi Rum Organic Farms,,6,,search,no,far
G046,Amman,JOR,Q472788,Amman Governorate,governorate of Jordan,2.2,42,Q867567,search,no,ambiguous
G046,Amman,JOR,Q3805,Amman,capital of Jordan,2.25,194,Q515|Q1549591,search,yes,ambiguous
G046,Amman,JOR,Q2472406,Ammanford,"town and community in Carmarthenshire, Wales",3899.93,27,Q2630741,search,no,far
G046,Amman,JOR,Q376409,Ammannia,genus of plants,,21,Q16521,search,no,far
G046,Amman,JOR,Q115787,Johann Amman,Swiss-Russian botanist (1707-1741),,19,Q5,search,no,far
G046,Amman,JOR,Q21450614,Ammann,family name,,4,Q101352,search,no,far
G046,Amman,JOR,Q16479584,Amman,family name,,2,Q101352,search,yes,far
G047,Jerash,JOR,Q31565,Jerash,city in Jordan,0.86,54,Q515,search,yes,ambiguous
G047,Jerash,JOR,Q56072866,Gerasa,ancient city in Jordan,0.89,12,Q15661340|Q839954,search,yes,ambiguous
G047,Jerash,JOR,Q750270,Jerash Governorate,governorate of Jordan,1.42,38,Q867567,search,no,ambiguous
G047,Jerash,JOR,Q70772359,Hippodrome in Gerasa,Roman theatre,0.71,2,Q184949|Q839954,search,no,near
G047,Jerash,JOR,Q11724234,Gerasa,"community in Limassol District, Republic of Cyprus",387.98,10,Q29414133|Q486972,search,yes,far
G047,Jerash,JOR,Q25491022,Gerasa,"city in Judaea, mentioned by Josephus",387.98,5,Q515|Q15661340,search,yes,far
G047,Jerash,JOR,Q22948645,Jerash Festival,Jordanian cultural festival,,7,Q4801521|Q868557,search,no,far
G047,Jerash,JOR,Q3551597,Jerash University,"university in Jerash, Jordan",,5,Q3918,search,no,far
G047,Jerash,JOR,Q1510266,Gerasa,titular see,,4,Q15217609,search,yes,far
G047,Jerash,JOR,Q20423059,Jarash,"archaeological site in 'Asir Province, Saudi Arabia",,2,Q839954,search,no,far
G047,Jerash,JOR,Q16944450,autosomal recessive distal spinal muscular atrophy 2,human disease,,2,Q929833|Q112193867,search,no,far
G047,Jerash,JOR,Q19996066,Gerasa 2 (Pauly-Wissowa),encyclopedic article in Paulys Realencyclopädie der classischen Altertumswissenschaft (RE),,1,Q13433827,search,no,far
G047,Jerash,JOR,Q19996068,Gerasa 4 (Pauly-Wissowa),encyclopedic article in Paulys Realencyclopädie der classischen Altertumswissenschaft (RE),,1,Q13433827,search,no,far
G047,Jerash,JOR,Q19996067,Gerasa 3 (Pauly-Wissowa),encyclopedic article in Paulys Realencyclopädie der classischen Altertumswissenschaft (RE),,1,Q13433827,search,no,far
G048,Dead Sea (Jordan shore),JOR,,,,,,,,,none
G049,Aqaba,JOR,Q180522,Aqaba,Jordanian coastal city,0.03,88,Q515|Q902814|Q1549591|Q2264924,search,yes,ambiguous
G049,Aqaba,JOR,Q260796,Aqaba Governorate,governorate of Jordan,0.94,43,Q867567,search,no,ambiguous
G049,Aqaba,JOR,Q27126240,Qaṣabah al Aqaba,"district in Aqaba Governorate, Jordan",54.49,5,Q35174583,search,no,far
G049,Aqaba,JOR,Q83642439,Aqaba,tugboat built in 2009,,1,Q11446,search,yes,far
G049,Aqaba,JOR,Q107254334,Aqaballianassa,genus of crustaceans,,1,Q16521,search,no,far
G049,Aqaba,JOR,Q4782450,Aqaba,album by June Tabor,,1,Q482994,search,yes,far
G049,Aqaba,JOR,Q122784173,Aqaba,ship built in 1976,,0,Q11446,search,yes,far
G050,Mount Nebo,JOR,Q680161,Mount Nebo,mountain in Jordan,0.1,43,Q8502,search,yes,unique
G050,Mount Nebo,JOR,Q13568074,Mt. Nebo,"barangay of the Philippines in the city of Valencia, Bukidnon",9472.45,1,Q61878,search,no,far
G050,Mount Nebo,JOR,Q49357182,Mount Nebo,"human settlement in Utah County, Utah, United States of America",11373.12,1,Q486972,search,yes,far
G050,Mount Nebo,JOR,Q8519552,Mount Nebo,"mountain in Juab and Utah counties in Utah, United States",11378.23,12,Q8502,search,yes,far
G050,Mount Nebo,JOR,Q21941339,Mount Nebo,"mountain in Queensland, Australia",13992.53,1,Q8502,search,yes,far
G050,Mount Nebo,JOR,Q14935513,Mount Nebo,"locality in Queensland, Australia",13993.65,3,Q3257686,search,yes,far
G050,Mount Nebo,JOR,Q6922366,Mount Nebo,mountain in Australia,14069.73,5,Q8502,search,yes,far
G051,Bethany Beyond the Jordan,JOR,Q12193567,Al Maghtas,archaeological site,0.07,41,Q839954,whs,no,ambiguous
G051,Bethany Beyond the Jordan,JOR,Q2617848,Bethabara,,0.36,11,Q3257686|Q839954|Q12404340,search,no,ambiguous
G052,Dana Biosphere Reserve,JOR,Q864750,Dana Biosphere Reserve,biosphere reserve,3.42,25,Q158454,search,yes,unique
G053,Karak Castle,JOR,Q125872600,Karak Castle in the Lordship of Transjordan: Observations on the Chronology of the Crusader-period Fortress,chapter published in 2020,,0,Q1980247,search,no,far
G054,Umm Qais,JOR,Q131955,Umm Qais,town in Jordan,0.35,26,Q486972,search,yes,ambiguous
G054,Umm Qais,JOR,Q56322109,Gadara,"archaeological site in Jordan, former city of the ancient Decapolis",0.73,17,Q839954|Q15661340|Q148837,search,no,ambiguous
G054,Umm Qais,JOR,Q68044708,Umm Qais Museum,museum in Umm Qais,0.61,3,Q33506,search,no,near
G054,Umm Qais,JOR,Q12238580,Umm Qais Archaeological Museum,"archaeological museum in Umm Qais, Jordan",,3,Q33506,search,no,far
G055,Serengeti National Park,TZA,Q11812902,Serengeti National Park,national park in Tanzania,26.94,76,Q955236,whs,yes,unique
G055,Serengeti National Park,TZA,Q58938764,"Serengeti National Park, Tanganyika",scientific article published in Nature,,0,Q13442814,search,no,far
G056,Ngorongoro Crater,TZA,Q1217726,Ngorongoro Conservation Area,World Heritage Site,14.05,68,Q473972,whs,no,unique
G056,Ngorongoro Crater,TZA,Q3002224,Ngorongoro Crater,"inactive, intact and unfilled volcanic caldera",1.32,6,Q159954|Q3240715,search,yes,near
G057,Mount Kilimanjaro,TZA,Q7296,Mount Kilimanjaro,mountain massif in Kilimanjaro National Park in Tanzania,0.46,188,Q1061151|Q1325302,search,yes,ambiguous
G057,Mount Kilimanjaro,TZA,Q756790,Kilimanjaro National Park,national park in Tanzania,1.3,47,Q12005215,whs,yes,ambiguous
G057,Mount Kilimanjaro,TZA,Q4126733,Mount Kilimanjaro climbing routes,overview about Mount Kilimanjaro climbing routes,1.0,2,,search,no,near
G057,Mount Kilimanjaro,TZA,Q328922,Kilimanjaro Region,region of Tanzania,29.83,46,Q845820,search,no,far
G057,Mount Kilimanjaro,TZA,Q17109615,Mount Kilimanjaro International Convention Centre,,80.54,2,Q1378975,search,no,far
G057,Mount Kilimanjaro,TZA,Q6406944,Kilimanjaro,"town and ward in Moshi, Kilimanjaro Region, Tanzania",268.85,4,Q18691601,search,yes,far
G057,Mount Kilimanjaro,TZA,Q265406,Kilimanjaro,The Teardrop Explodes album,,5,Q482994,search,yes,far
G057,Mount Kilimanjaro,TZA,Q6406943,Kilimanjaro,Tamil song,,3,Q105543609,search,yes,far
G057,Mount Kilimanjaro,TZA,Q87143748,Kilimanjaro,episode of Perception (S1 E8),,0,Q21191270,search,yes,far
G057,Mount Kilimanjaro,TZA,Q20441643,Kilimanjaro,painting by Arthur N. Christie,,0,Q3305213,search,yes,far
G058,"Stone Town, Zanzibar",TZA,Q844417,Stone Town,"old part of Zanzibar City, the main city of Zanzibar, in Tanzania",1.0,55,Q515|Q702492,search,yes,ambiguous
G058,"Stone Town, Zanzibar",TZA,Q2222874,Zanzibar City,city in Tanzania,1.18,66,Q515|Q1549591|Q56061,search,yes,ambiguous
G058,"Stone Town, Zanzibar",TZA,Q111126886,Stone Town House,hostel in Zanzibar,0.17,0,Q654772,search,no,near
G058,"Stone Town, Zanzibar",TZA,Q16056574,timeline of Zanzibar City history,,1.06,2,Q18340550,search,no,near
G058,"Stone Town, Zanzibar",TZA,Q48969795,Stone Town,"town in Mozambique, former capital of Portuguese East Africa",1000.59,2,Q3957|Q27554677,search,yes,far
G058,"Stone Town, Zanzibar",TZA,Q3199264,Stone town of Kuklica,"stone formation in Kratovo Municipality, Macedonia",5643.63,15,Q839954|Q631305,search,no,far
G058,"Stone Town, Zanzibar",TZA,Q116695922,Stone Town of Baoshan,"a Naxi village in Yunnan, China",7559.42,1,Q10300916|Q532,search,no,far
G058,"Stone Town, Zanzibar",TZA,Q104395858,Stone Town Council,"UK local authority for the town of Stone, Staffordshire, England",,0,Q7137435,search,no,far
G058,"Stone Town, Zanzibar",TZA,Q137455935,Stone Town Rockerz,Tanzanian African music group,,0,Q215380,search,no,far
G059,Dar es Salaam,TZA,Q557539,Dar es Salaam Region,region of Tanzania,6.58,41,Q845820,search,no,ambiguous
G059,Dar es Salaam,TZA,Q1960,Dar es Salaam,largest city in Tanzania and capital of Dar es Salaam Region,8.42,142,Q515|Q2264924|Q51929311|Q108178728,search,yes,ambiguous
G059,Dar es Salaam,TZA,Q1411192,Julius Nyerere International Airport,"airport in Dar es Salaam, Tanzania",9.59,38,Q644371|Q1248784|Q94993988,search,no,ambiguous
G059,Dar es Salaam,TZA,Q131442962,Dar es Salaam Central Station,,9.07,1,Q55488,search,no,near
G059,Dar es Salaam,TZA,Q3015960,Dar es Salaam University College of Education,college in Tanzania,9.56,4,Q189004,search,no,near
G059,Dar es Salaam,TZA,Q67841130,Dar es Salaam,2002 album by Muslimgauze,,0,Q482994,search,yes,far
G059,Dar es Salaam,TZA,Q139182880,Dar-es-salaam,"village in Northern Region, Uganda",,0,Q486972,search,no,far
G060,Nyerere National Park (Selous),TZA,Q2268839,Selous Game Reserve,game reserve and World Heritage Site in Tanzania,56.67,55,Q1714375,whs,yes,unique
G060,Nyerere National Park (Selous),TZA,Q109355832,Selous Isolated Grave,cemetery in Tanzania,104.45,0,Q39614,search,no,far
G060,Nyerere National Park (Selous),TZA,Q619085,Selous,human settlement,1309.95,4,Q486972,search,yes,far
G060,Nyerere National Park (Selous),TZA,Q944417,Selous' mongoose,species of mammal,,29,Q16521,search,no,far
G060,Nyerere National Park (Selous),TZA,Q1395013,Selous Scouts,Rhodesian Special Forces Unit during the Bush War,,12,Q234497,search,no,far
G060,Nyerere National Park (Selous),TZA,Q21497126,Selous,family name,,1,Q101352,search,yes,far
G060,Nyerere National Park (Selous),TZA,Q103966280,"Selous [Slous], Henry Courtney",encyclopedia article,,0,Q13433827,search,no,far
G061,Tarangire National Park,TZA,Q1432744,Tarangire National Park,national park in Tanzania,19.05,28,Q46169,search,yes,unique
G062,Lake Manyara National Park,TZA,Q607533,Lake Manyara National Park,national park in Tanzania,11.72,25,Q46169,search,yes,unique
G063,Mount Meru (Arusha National Park),TZA,Q716801,Arusha National Park,national park in Tanzania,3.73,31,Q46169,search,yes,ambiguous
G063,Mount Meru (Arusha National Park),TZA,Q309098,Mount Meru,mountain,4.41,44,Q8502|Q207326,search,yes,ambiguous
G063,Mount Meru (Arusha National Park),TZA,Q6922167,Mount Meru University,University,19.45,4,Q3918,search,no,near
G063,Mount Meru (Arusha National Park),TZA,Q31507312,Mount Merui,mountain in Philippines,9886.34,1,Q8502,search,no,far
G063,Mount Meru (Arusha National Park),TZA,Q652550,Mount Meru,sacred geographical object,,56,Q3238337|Q4588528,search,yes,far
G063,Mount Meru (Arusha National Park),TZA,Q33219859,Mount Meru,musical group formed in 2011,,1,Q215380,search,yes,far
G063,Mount Meru (Arusha National Park),TZA,Q50385996,"Mount Meru, the centre of the universe, and the course of the sun god",painting by Indian,,0,Q3305213,search,no,far
G063,Mount Meru (Arusha National Park),TZA,Q137132503,Nagara-Influenced Khmer architecture style,"Khmer temple architecture incorporating Nagara elements, evident in tower-like structures, vertical emphasis, and possibly curvilinear forms, reflecting Indian cosmological influences adapted to local Khmer traditions.",,0,Q32880,search,no,far
G065,Kilwa Kisiwani,TZA,Q1741475,Kilwa Kisiwani,island in Tanzania,2.65,50,Q23442|Q486972,search,yes,unique
G065,Kilwa Kisiwani,TZA,Q15726282,Ruins of Kilwa Kisiwani and Ruins of Songo Mnara,World Heritage site in Tanzania,0.85,5,Q358,whs,no,near
G065,Kilwa Kisiwani,TZA,Q56502847,Kilwa Kisiwani: The Rise of an East African City-State,,,0,Q13442814,search,no,far
G066,Gombe Stream National Park,TZA,Q856665,Gombe National Park,national park in Tanzania,0.52,39,Q46169,search,no,unique
G067,Ruaha National Park,TZA,Q656363,Ruaha National Park,national park in Tanzania,29.99,25,Q46169,search,yes,unique
G068,Olduvai Gorge,TZA,Q3868097,Olduvai Gorge Museum,museum in Tanzania,0.72,10,Q33506|Q3329412,search,no,ambiguous
G068,Olduvai Gorge,TZA,Q217043,Olduvai Gorge,archaeological site in Tanzania,0.74,43,Q2197893|Q12137573,search,yes,ambiguous
G068,Olduvai Gorge,TZA,Q112266444,"Olduvai Gorge. Volume 5: Excavations in Beds III, IV, and the Masek Beds 1968-1971",scientific article published in 1997,,0,Q637866,search,no,far
G068,Olduvai Gorge,TZA,Q113013794,Olduvai Gorge: A Report on the Evolution of the Hand-Axe Cultures in Beds I-IV,,,0,Q637866,search,no,far
G068,Olduvai Gorge,TZA,Q119736802,Olduvai Gorge; a report on the evolution of the hand-axe culture in beds I-IV,written work by L. S. B. Leakey,,0,Q47461344,search,no,far
G068,Olduvai Gorge,TZA,Q113024796,Olduvai Gorge 1951-1961. Volume 1. Fauna and Background,,,0,Q637866,search,no,far
G068,Olduvai Gorge,TZA,Q59106513,"OLDUVAI GORGE. A Report on the Evolution of the Hand-axe Culture in Beds I–IV. By B. L. S. Leakey. With chapters on the Geology and Fauna by the late Professor Hans Reck and Dr. A. T. Hopwood, Cambridge. Cambridge University Press, 27th July, 1951.",article,,0,Q637866,search,no,far
G069,Dodoma,TZA,Q3866,Dodoma,city and capital of Tanzania,1.25,159,Q1549591|Q129319315,search,yes,unique
G069,Dodoma,TZA,Q131395298,Dodoma SGR Terminal,,4.38,2,Q55488,search,no,near
G069,Dodoma,TZA,Q131242015,Dodoma Central Bus Terminal,,9.01,1,Q494829|Q2920759,search,no,near
G069,Dodoma,TZA,Q213268,Dodoma Region,Region in Tanzania,19.86,47,Q845820,search,no,far
G069,Dodoma,TZA,Q35395983,Dodoma,,2077.49,1,Q187971,search,yes,far
G069,Dodoma,TZA,Q114787063,Dodoma,Japanese manga series,,1,Q21198342,search,yes,far
G069,Dodoma,TZA,Q46947788,Dodoma Urban,Electoral constituency of the National Assembly Tanzania,,0,Q192611,search,no,far
G070,Dahab,EGY,Q370495,Dahab,small town situated on the southeast coast of the Sinai Peninsula in Egypt,0.03,46,Q317548,search,yes,unique
G070,Dahab,EGY,Q897,gold,"chemical element with symbol Au and atomic number 79; a dense, malleable, and corrosion-resistant precious metal widely used as currency, in jewelry, electronics, and as a financial reserve asset",,277,Q11344|Q1924900|Q271449,search,no,far
G070,Dahab,EGY,Q441975,dahabeah,boat used on the Nile River,,11,,search,no,far
G070,Dahab,EGY,Q4155335,Dahab,1953 Egyptian film by Anwar Wagdi,,8,Q11424,search,yes,far
G070,Dahab,EGY,Q37440266,Dahab,family name,,1,Q101352,search,yes,far
G070,Dahab,EGY,Q116366247,Dahab,female given name,,0,Q11879590,search,yes,far
G070,Dahab,EGY,Q137471037,Dahab,private educational institution in Morocco,,0,Q2385804,search,yes,far
G071,Faiyum,EGY,Q203299,Faiyum,city in Egypt,1.39,64,Q515|Q1549591,search,yes,ambiguous
G071,Faiyum,EGY,Q30656,Faiyum Governorate,Egyptian governorate,11.05,53,Q204910,search,no,ambiguous
G071,Faiyum,EGY,Q4119550,Fayoum University,"public university in Faiyum, Egypt",1.38,8,Q3918,search,no,near
G071,Faiyum,EGY,Q12207361,Faiyum Zoo,,1.48,2,Q43501,search,no,near
G071,Faiyum,EGY,Q23955604,Al Fayyūm Basin,geological basin in Egypt,3.08,1,Q813672,search,no,near
G071,Faiyum,EGY,Q1399125,Faiyum Oasis,oasis in Egypt,29.92,27,Q43742,search,no,far
G071,Faiyum,EGY,Q134292187,Fayoum Art Center,"arts center in Tunis, al-Fayyum, Egypt",35.56,0,Q1329623,search,no,far
G071,Faiyum,EGY,Q328748,Saadia Gaon,"rabbi, translator, Jewish philosopher and theologian (0882-0942) active during the Abbasid Caliphate in Egypt and Irak",,41,Q5,search,no,far
G071,Faiyum,EGY,Q2121429,Qarun culture,,,7,Q465299,search,no,far
G071,Faiyum,EGY,Q10494469,Faiyum papyri,,,2,,search,no,far
G071,Faiyum,EGY,Q103912324,Faiyum,encyclopedia article,,0,Q13433827,search,yes,far
G071,Faiyum,EGY,Q124972226,al-Fayyūm,periodical published in Al Fayyum between 1894 and 1895,,0,Q1002697,search,no,far
G071,Faiyum,EGY,Q124972228,al-Fayyūm,periodical published in Al Fayyum from 1896 onwards,,0,Q1002697,search,no,far
G071,Faiyum,EGY,Q116925755,Fayoumaster pharaonum,species of echinoderm,,0,Q23038290,search,no,far
G071,Faiyum,EGY,Q116925731,Fayoumaster,genus of echinoderms,,0,Q23038290,search,no,far
G071,Faiyum,EGY,Q101002084,Fayoum University Faculty of Medicine,faculty,,0,Q494230,search,no,far
G072,Abydos,EGY,Q192268,Abydos,city in ancient Egypt,0.02,57,Q839954|Q200141,search,yes,unique
G072,Abydos,EGY,Q5350763,El Araba El Madfuna,human settlement in Egypt,1.36,7,Q486972,search,yes,near
G072,Abydos,EGY,Q22929186,Markaz al Balyanā,,6.1,5,Q10577534,search,no,near
G072,Abydos,EGY,Q122947039,Al-Balyana - Western Desert Road,,7.72,1,Q34442,search,no,near
G072,Abydos,EGY,Q2210877,El-Balyana,Egyptian town in the Sohag governorate,9.62,18,Q515,search,no,far
G072,Abydos,EGY,Q336446,Abydos,ancient city of Mysia in modern-day Turkey,1639.26,33,Q22674925|Q839954|Q148837,search,yes,far
G072,Abydos,EGY,Q22194,Abydos,fictional planet from Stargate,,8,Q2775969,search,yes,far
G072,Abydos,EGY,Q23849061,Abydos,article in Otto's encyclopedia,,1,Q13433827,search,yes,far
G072,Abydos,EGY,Q19979965,Abydos 2 (Pauly-Wissowa),encyclopedic article in Paulys Realencyclopädie der classischen Altertumswissenschaft (RE),,1,Q13433827,search,no,far
G072,Abydos,EGY,Q19979964,Abydos 1 (Pauly-Wissowa),encyclopedic article in Paulys Realencyclopädie der classischen Altertumswissenschaft (RE),,1,Q13433827,search,no,far
G072,Abydos,EGY,Q21028646,Abydos,"area on comet 67P/Churyumov-Gerasimenko, second landing site of robotic spacrecraft Philae",,0,Q271669,search,yes,far
G073,Wadi El Rayan,EGY,Q6562520,Wadi Elrayan,nature reserve in Egypt,15.4,13,Q39816|Q179049,search,no,unique
G073,Wadi El Rayan,EGY,Q32210848,Wādī Rayyān,,1815.4,1,Q187971,search,yes,far
G074,Mantua,ITA,Q6247,Mantua,Italian comune and city,0.04,119,Q747074,search,yes,ambiguous
G074,Mantua,ITA,Q16204,Province of Mantua,province of Italy,1.38,84,Q15089,search,no,ambiguous
G074,Mantua,ITA,Q15623665,Mantua and Sabbioneta,World Heritage site in Italy,0.47,2,Q9259,whs,no,near
G074,Mantua,ITA,Q133885549,Sabbioneta tram station,tram station in Italy,29.33,0,Q2175765,search,no,far
G074,Mantua,ITA,Q43014,Sabbioneta,Italian comune,29.39,71,Q747074,search,yes,far
G074,Mantua,ITA,Q3014914,Mantua,"township in Gloucester County, New Jersey, United States",6732.98,13,Q7830213,search,yes,far
G074,Mantua,ITA,Q1375964,Mantua,"census designated place in Fairfax County, Virginia, United States",6937.26,28,Q498162,search,yes,far
G074,Mantua,ITA,Q2131270,Mantua,"village in Portage County, Ohio, United States",7039.59,25,Q108569739,search,yes,far
G074,Mantua,ITA,Q483588,Mantua,"town in Box Elder County, Utah, United States",8827.29,32,Q15127012,search,yes,far
G074,Mantua,ITA,Q430993,Mantova 1911,association football club,,33,Q476028|Q15944511,search,no,far
G074,Mantua,ITA,Q505683,Mantovani,"Anglo-Italian conductor, composer and light orchestra-styled entertainer",,18,Q5,search,no,far
G074,Mantua,ITA,Q21502148,Mantovani,family name,,2,Q101352,search,no,far
G074,Mantua,ITA,Q21449609,Mantovano,family name,,2,Q101352,search,no,far
G074,Mantua,ITA,Q37133739,Mantua,family name,,0,Q101352,search,yes,far
G074,Mantua,ITA,Q18095681,Mantua,genus of insects,,0,Q16521,search,yes,far
G074,Mantua,ITA,Q107475184,Mantova,family name,,0,Q101352,search,yes,far
G074,Mantua,ITA,Q103964776,Sabbioneta,encyclopedia article,,0,Q13433827,search,yes,far
G074,Mantua,ITA,Q52930038,Sabbioneta A. De Giovanni,"primary school in Sabbioneta, Mantua, Lombardy, Italy",,0,Q57775518,search,no,far
G074,Mantua,ITA,Q52844939,Sabbioneta-'Giulia Gonzaga'Mat.,"kindergarten in Sabbioneta, Mantua, Lombardy, Italy",,0,Q126807,search,no,far
G074,Mantua,ITA,Q52842182,Sabbioneta - Breda Cisoni Mat.,"kindergarten in Sabbioneta, Mantua, Lombardy, Italy",,0,Q126807,search,no,far
G074,Mantua,ITA,Q52838327,Sabbioneta Elementare,"primary school in Sabbioneta, Mantua, Lombardy, Italy",,0,Q9842,search,no,far
G075,Val d'Orcia,ITA,Q217449,Val d'Orcia,valley and cultural landscape in central Italy; a World Heritage site,0.04,47,Q39816|Q1129474,whs,yes,ambiguous
G075,Val d'Orcia,ITA,Q91430,San Quirico d'Orcia,Italian comune,4.06,59,Q747074,search,yes,ambiguous
G075,Val d'Orcia,ITA,Q91208,Montalcino,Italian comune,5.02,64,Q747074,search,yes,ambiguous
G075,Val d'Orcia,ITA,Q91341,Pienza,Italian comune,10.55,83,Q747074,search,yes,ambiguous
G075,Val d'Orcia,ITA,Q30030138,San Quirico d'Orcia,chief town of the homonym municipality,4.6,1,Q15303838,search,yes,near
G075,Val d'Orcia,ITA,Q126910196,Montalcino City Walls,,5.08,0,Q16748868,search,no,near
G075,Val d'Orcia,ITA,Q2942724,Montalcino Cathedral,"building in Montalcino, Italy",5.14,7,Q2577114|Q16970,search,no,near
G075,Val d'Orcia,ITA,Q30027716,Montalcino,chief town of the homonym municipality,5.2,1,Q15303838,search,yes,near
G075,Val d'Orcia,ITA,Q33706565,Pienza,,10.46,1,Q15303838,search,yes,near
G075,Val d'Orcia,ITA,Q3553431,,,26.46,2,Q4005597,search,no,far
G075,Val d'Orcia,ITA,Q23865419,,article in Otto's encyclopedia,,1,Q13433827,search,no,far
G075,Val d'Orcia,ITA,Q25112937,Roman Catholic Diocese of Pienza,,,1,Q27780831,search,no,far
G075,Val d'Orcia,ITA,Q29995315,,Wikimedia disambiguation page,,1,Q4167410,search,no,far
G075,Val d'Orcia,ITA,Q29991944,,Wikimedia disambiguation page,,1,Q4167410,search,no,far
G075,Val d'Orcia,ITA,Q103961763,Pienza,encyclopedia article,,0,Q13433827,search,yes,far
G075,Val d'Orcia,ITA,Q52832293,Scuola primaria Giosuè Carducci di Pienza,primary school in Italy,,0,Q9842,search,no,far
G075,Val d'Orcia,ITA,Q29822931,Protoporphyrinogen oxidase,protein found in Danio rerio,,0,Q8054,search,no,far
G075,Val d'Orcia,ITA,Q140131171,Montalcino,"wine-producing area in Tuscany, Italy",,0,Q2140699,search,yes,far
G075,Val d'Orcia,ITA,Q66063677,Montalcino Aortic Consortium: Precision Medicine for Heritable Thoracic Aortic Disease,clinical trial,,0,Q30612,search,no,far
G076,Su Nuraxi di Barumini,ITA,Q253241,Su Nuraxi di Barumini,nuraghe,0.84,38,Q839954|Q688292|Q3363945|Q3867560,whs,yes,ambiguous
G076,Su Nuraxi di Barumini,ITA,Q287398,Barumini,Italian commune in Sardinia,1.11,65,Q747074,search,yes,ambiguous
G076,Su Nuraxi di Barumini,ITA,Q109688382,Barumini Cemetery,cemetery,0.93,0,Q39614,search,no,near
G076,Su Nuraxi di Barumini,ITA,Q88659612,Barumini railway station,"train station in Barumini, Sardinia, Italy",1.02,1,Q4663385,search,no,near
G076,Su Nuraxi di Barumini,ITA,Q52782325,Barumini,primary school in Barumini in the province of Medio Campidano (Italy) [school id: CAEE848128],1.11,0,Q9842,search,yes,near
G076,Su Nuraxi di Barumini,ITA,Q30022626,Barumini,chief town of the homonym municipality,1.14,1,Q15303838,search,yes,near
G076,Su Nuraxi di Barumini,ITA,Q25383632,nuraghe Armungia,,39.35,1,Q688292|Q839954|Q3363945|Q124830213,search,no,far
G076,Su Nuraxi di Barumini,ITA,Q122325403,Nuraghe Cobulas,"nuraghe at Milis, Sardinia (Italy)",49.32,1,Q688292,search,no,far
G076,Su Nuraxi di Barumini,ITA,Q119292542,nuraghe s'Iscala 'e sa Chessa,,102.47,1,Q839954|Q688292,search,no,far
G076,Su Nuraxi di Barumini,ITA,Q2208873,nuraghe Sa Mandra ’e sa Giua,"nuraghe at Ossi, Sardinia",112.95,2,Q839954|Q688292|Q33506,search,no,far
G076,Su Nuraxi di Barumini,ITA,Q688292,nuraghe,megalithic tower characteristic of the Nuragic civilization in Sardinia,,42,Q811979,search,yes,far
G076,Su Nuraxi di Barumini,ITA,Q29978214,,Wikimedia disambiguation page,,1,Q4167410,search,no,far
G076,Su Nuraxi di Barumini,ITA,Q103891929,Barumini,encyclopedia article,,0,Q13433827,search,yes,far
G076,Su Nuraxi di Barumini,ITA,Q103960154,Nuraghe,encyclopedia article,,0,Q13433827,search,yes,far
G076,Su Nuraxi di Barumini,ITA,Q99203743,Nuraghe,"sculpture by Pjotr Müller, 1983, in the sculpture garden of the Kröller-Müller Museum, the Netherlands",,0,Q860861,search,yes,far
G077,Paestum,ITA,Q329967,Paestum,"ancient Greek city in present-day village Paestum, Italy",0.04,57,Q15661340|Q839954|Q93342462|Q148837,whs,yes,unique
G077,Paestum,ITA,Q16896941,Paestum,"frazione in Campania, Italy",1.62,2,Q1134686,search,yes,near
G077,Paestum,ITA,Q65016468,"Cilento and Vallo di Diano National Park with the Archeological Sites of Paestum and Velia, and the Certosa di Padula",World Heritage site in Italy,26.81,0,Q28777651,whs,no,far
G077,Paestum,ITA,Q3560409,Poseidonia,"village on Syros island, Greece",918.33,12,Q486972,search,yes,far
G077,Paestum,ITA,Q25409625,Poseidonia,ship built in 1967,,4,Q25653|Q2072352,search,yes,far
G077,Paestum,ITA,Q18719549,Paestum,painting by Baldomer Galofre,,2,Q3305213,search,yes,far
G077,Paestum,ITA,Q23859736,,article in Otto's encyclopedia,,1,Q13433827,search,no,far
G077,Paestum,ITA,Q131356769,Poseidonia,candidate genus of archaea,,1,Q857968,search,yes,far
G077,Paestum,ITA,Q108411649,Poseidonia 3 (Pauly-Wissowa),cross-reference in Paulys Realencyclopädie der classischen Altertumswissenschaft (RE),,1,Q1302249,search,no,far
G077,Paestum,ITA,Q110319951,Poseidonia 2 (Pauly-Wissowa),encyclopedic article in Paulys Realencyclopädie der classischen Altertumswissenschaft (RE),,1,Q13433827,search,no,far
G077,Paestum,ITA,Q108855044,Poseidonia (Pauly-Wissowa),cross-reference in Paulys Realencyclopädie der classischen Altertumswissenschaft (RE),,1,Q1302249,search,no,far
G077,Paestum,ITA,Q110098193,Paestum,etching - print made by John Pye,,0,Q18218093|Q11060274,search,yes,far
G077,Paestum,ITA,Q19901156,Paestum,painting by Gioacchino La Pira,,0,Q3305213,search,yes,far
G077,Paestum,ITA,Q18571274,Paestum,painting by Joseph Mallord William Turner,,0,Q18761202,search,yes,far
G078,Aeolian Islands,ITA,Q179883,Aeolian Islands,archipelago,1.31,75,Q33837|Q64953083,whs,yes,ambiguous
G078,Aeolian Islands,ITA,Q499519,Lipari,"island part of Aeolian archipelago, Italy",2.4,30,Q23442|Q1161185,search,yes,ambiguous
G078,Aeolian Islands,ITA,Q496389,Lipari,Italian comune,2.45,61,Q747074,search,yes,ambiguous
G078,Aeolian Islands,ITA,Q131148,Stromboli,island in Italy (about volcano see Q31445600),42.6,85,Q23442,search,yes,ambiguous
G078,Aeolian Islands,ITA,Q18466563,Stromboli,"human settlement in Lipari, Italy",43.25,6,Q486972,search,yes,near
G078,Aeolian Islands,ITA,Q162097,Liparis,genus of plants,,36,Q16521,search,no,far
G078,Aeolian Islands,ITA,Q670598,Liparidae,family of fishes,,32,Q16521,search,no,far
G078,Aeolian Islands,ITA,Q157893,Liparis loeselii,species of plant,,31,Q16521,search,no,far
G078,Aeolian Islands,ITA,Q3833200,Liparis,genus of fishes,,16,Q16521,search,no,far
G078,Aeolian Islands,ITA,Q149925,,asteroid,,16,Q3863,search,no,far
G078,Aeolian Islands,ITA,Q3500519,stromboli,savory turnover,,13,,search,yes,far
G078,Aeolian Islands,ITA,Q7624380,Stromboli,genus of molluscs,,4,Q16521,search,yes,far
G078,Aeolian Islands,ITA,Q27067917,Stromboli,character in Disney's Pinocchio (1940),,4,Q15632617|Q15711870,search,yes,far
G078,Aeolian Islands,ITA,Q37570640,Lipari,family name,,2,Q101352,search,yes,far
G078,Aeolian Islands,ITA,Q3706590,Isole Eolie dialect,,,1,Q33384,search,no,far
G078,Aeolian Islands,ITA,Q99911894,Stromboli,family name,,1,Q101352,search,yes,far
G078,Aeolian Islands,ITA,Q52743055,Istituto comprensivo Isole Eolie,grouping of schools in Lipari in the province of Messina (Italy),,0,Q56177191,search,no,far
G079,Orvieto,ITA,Q541,Orvieto,Italian comune,0.03,84,Q747074,search,yes,unique
G079,Orvieto,ITA,Q2608652,Orvieto railway station,Italian railway station,1.65,5,Q55488,search,no,near
G079,Orvieto,ITA,Q69151532,Orvieto War Cemetery,"cemetery in Orvieto, Italy",3.56,1,Q14750991,search,no,near
G079,Orvieto,ITA,Q17060409,Orvieto,live album,,2,Q482994,search,yes,far
G079,Orvieto,ITA,Q131304298,Orvieto,1909 ocean liner converted to armed merchant cruiser,,0,Q697196|Q131424998,search,yes,far
G079,Orvieto,ITA,Q108040487,Orvieto,family name,,0,Q101352,search,yes,far
G079,Orvieto,ITA,Q28094201,Orvieto,painting by Lowell Daunt Collins,,0,Q3305213,search,yes,far
G080,Mount Vesuvius,ITA,Q524,Mount Vesuvius,"active stratovolcano in the Gulf of Naples, Italy",0.24,136,Q1330974|Q169358|Q8502,search,yes,ambiguous
G080,Mount Vesuvius,ITA,Q635414,Vesuvius National Park,national park in Italy,0.79,23,Q46169|Q473972,search,no,ambiguous
G080,Mount Vesuvius,ITA,Q49055015,Mount Vesuvius,"mountain in Montana, United States of America",8869.1,1,Q8502,search,yes,far
G080,Mount Vesuvius,ITA,Q954201,Mount Vesuvius eruption of 1631,volcanic eruption,,8,Q7692360,search,no,far
G080,Mount Vesuvius,ITA,Q18746326,Vesuvio,protected cruiser of the Italian Royal Navy,,5,Q830335,search,yes,far
G080,Mount Vesuvius,ITA,Q4010453,Neapolitan ship Vesuvio,1824 Bucentaure-class ship of the line,,3,Q207452,search,no,far
G080,Mount Vesuvius,ITA,Q4010452,Vesuvio Films,,,3,Q375336,search,no,far
G080,Mount Vesuvius,ITA,Q109950897,Mount Vesuvius,drawing by Henry Swinburne,,0,Q93184,search,yes,far
G080,Mount Vesuvius,ITA,Q58100767,Mount Vesuvius,"drawing by J.C. Dahl (KODE, BB.B.00298)",,0,Q93184,search,yes,far
G080,Mount Vesuvius,ITA,Q60515700,Mount Vesuvius at Midnight,"painting by Albert Bierstadt (American, 1830-1902) (1949.541)",,0,Q3305213,search,no,far
G080,Mount Vesuvius,ITA,Q106771281,Mount Vesuvius and the Bay of Naples,"painting by Franz Ludwig Catel, Princeton University Art Museum",,0,Q3305213,search,no,far
G080,Mount Vesuvius,ITA,Q89540231,Vesuvio,photographer,,0,Q5,search,yes,far
G080,Mount Vesuvius,ITA,Q140131369,Vesuvio,"wine-producing area in Campania, Italy",,0,Q2140699,search,yes,far
G080,Mount Vesuvius,ITA,Q139392320,,performing arts production during the season 2005/06,,0,Q43099500,search,no,far
G080,Mount Vesuvius,ITA,Q138527684,,public authority managing Vesuvius National Park in Italy,,0,Q294163,search,no,far
G081,Gran Paradiso National Park,ITA,Q847690,Gran Paradiso National Park,Italian national park,4.39,41,Q46169|Q473972,search,yes,ambiguous
G081,Gran Paradiso National Park,ITA,Q1372,Gran Paradiso,mountain in the Graian Alps located between the Aosta Valley and Piedmont regions of north-west Italy,4.55,43,Q8502,search,yes,ambiguous
G081,Gran Paradiso National Park,ITA,Q2280216,Gran Paradiso massif,massif in Italian Alps,5.23,10,Q1061151,search,no,ambiguous
G081,Gran Paradiso National Park,ITA,Q94577372,,protected area in Italy,0.04,1,Q15069452,search,no,near
G081,Gran Paradiso National Park,ITA,Q56550411,Gran Paradiso National Park Visitors Centre (Cogne),Visitor center at the miners' village in Cogne,8.3,1,Q1970365|Q614316,search,no,near
G081,Gran Paradiso National Park,ITA,Q55677535,Gran Paradiso National Park Visitors Centre,"visitor center in Rhêmes-Notre-Dame, Italy",16.22,1,Q1970365|Q18411786|Q614316,search,no,near
G081,Gran Paradiso National Park,ITA,Q1542368,Gran Paradiso,2000 film by Miguel Alexandre,,2,Q11424,search,yes,far
G081,Gran Paradiso National Park,ITA,Q30602806,Gran Paradiso,album by Klaus Waldeck,,1,Q482994,search,yes,far
G081,Gran Paradiso National Park,ITA,Q51882758,Gran Paradiso,2018 album by Rosa de Saron,,1,Q482994,search,yes,far
G081,Gran Paradiso National Park,ITA,Q10762716,Gran Paradiso,Firefox 3.0 codename,,1,,search,yes,far
G082,Quseir Amra,JOR,Q499517,Qasr Amra,château,0.04,46,Q751876,whs,yes,unique
G083,Umm ar-Rasas,JOR,Q822842,Umm ar-Rasas,Jordanian archeological site,1.88,40,Q839954,whs,yes,unique
G083,Umm ar-Rasas,JOR,Q33610705,Umm ar Raşāş,bight in Oman,2584.3,1,Q17018380,search,no,far
G083,Umm ar-Rasas,JOR,Q118410925,Umm ar-Rasas mosaics,8th-century mosaic representation of the Holy Land and Egypt,,4,Q133067,search,no,far
G083,Umm ar-Rasas,JOR,Q28916845,,Wikimedia disambiguation page,,1,Q4167410,search,no,far
G083,Umm ar-Rasas,JOR,Q128639726,Umm Ar-Rasas: The Application of Integrated Methodologies for the Valorization of a Unesco Site,scholarly article,,0,Q13442814,search,no,far
G084,Umm al-Jimal,JOR,Q3107493,Umm el-Jimal,human settlement in Jordan,0.05,26,Q486972,whs,yes,unique
G084,Umm al-Jimal,JOR,Q124727378,Umm al-Jimal Paleo-Arabic inscription,paleo-Arabic inscription,,3,,search,no,far
G085,Aqaba Marine Reserve,JOR,Q31866622,Aqaba Marine Reserve,marine park in Jordan,0.41,12,Q1185274,whs,yes,unique
G086,Mujib Nature Reserve,JOR,Q2120208,Wadi Mujib,river canyon in Jordan,6.83,29,Q187971,search,yes,unique
G086,Mujib Nature Reserve,JOR,Q22678667,Mujib Biosphere Reserve,"biosphere reserve in Jordan, designated in 2011",6.16,4,Q158454|Q179049,search,yes,near
G087,Azraq Wetland Reserve,JOR,Q11202572,Azraq Wetland Reserve,wetland reserve in Jordan,2.35,16,Q179049,search,yes,ambiguous
G087,Azraq Wetland Reserve,JOR,Q2426928,Azraq,human settlement in Jordan,4.44,26,Q486972,search,yes,ambiguous
G087,Azraq Wetland Reserve,JOR,Q31866537,Azraq Sub-District,,8.89,3,Q35175440,search,no,near
G087,Azraq Wetland Reserve,JOR,Q23198500,Azraq refugee camp,"refugee camp in Zarqa Governorate, Jordan",28.11,13,Q622499|Q486972|Q17507358,search,no,far
G087,Azraq Wetland Reserve,JOR,Q5689659,Azraqites,Islamic sect,,23,Q1192063,search,no,far
G087,Azraq Wetland Reserve,JOR,Q4832906,Azraqi,Persian poet,,8,Q5,search,no,far
G087,Azraq Wetland Reserve,JOR,Q116364319,Azraq,male given name,,0,Q12308941,search,yes,far
G088,Ajloun,JOR,Q1141858,Ajloun,city,0.14,42,Q515|Q839954,search,yes,ambiguous
G088,Ajloun,JOR,Q506658,Ajloun Governorate,governorate of Jordan,0.44,46,Q867567,search,no,ambiguous
G088,Ajloun,JOR,Q1480575,Ajlun Castle,fortified building in Jordan,2.57,18,Q57831|Q57821,search,no,ambiguous
G088,Ajloun,JOR,Q20425164,Great mosque Ajlun,"Ajloun Great Mosque, a historic mosque in Jordan",0.2,8,Q32815,search,no,near
G088,Ajloun,JOR,Q27126274,Qaṣabah 'Ajlūn,district of Jordan,1.29,6,Q35174583,search,no,near
G088,Ajloun,JOR,Q12238582,Ajloun Archaeological Museum,The Ajloun Archaeological Museum is located in Ajloun Castle.,2.57,4,Q33506,search,no,near
G088,Ajloun,JOR,Q3384953,Ajloun Forest Reserve,forest reserve in Jordan,5.46,9,Q7315273,search,no,near
G088,Ajloun,JOR,Q122561001,Ajlune,"hamlet in Lewis County, Washington, United States",10978.28,1,Q486972|Q5084,search,no,far
G088,Ajloun,JOR,Q4699891,Ajloun National Private University,,,3,Q3918,search,no,far
G088,Ajloun,JOR,Q55603431,Ajlun offensive,1971 Part of the Black September conflict,,3,Q2001676,search,no,far
G088,Ajloun,JOR,Q37081100,,family name,,0,Q101352,search,no,far
G088,Ajloun,JOR,Q37498598,Ajluni,family name,,0,Q101352,search,no,far
G089,Caral-Supe,PER,Q219279,,archaeological site in Peru,0.2,46,Q839954,whs,no,unique
G089,Caral-Supe,PER,Q1897,Cagliari,"Italian municipality, capital of Sardinia",10484.86,130,Q747074|Q515|Q5119|Q3678588,search,no,far
G089,Caral-Supe,PER,Q153836,Caral–Supe civilization,complex pre-Columbian era society that included as many as 30 major population centers in what is now the Norte Chico region of north-central coastal Peru,,40,Q465299|Q8432,search,no,far
G089,Caral-Supe,PER,Q148940,Caralluma,genus of plants,,22,Q16521,search,no,far
G089,Caral-Supe,PER,Q13114481,Carallia brachiata,tree in the family Rhizophoraceae,,16,Q16521,search,no,far
G089,Caral-Supe,PER,Q1035364,Carallia,genus of plants,,12,Q16521,search,no,far
G089,Caral-Supe,PER,Q5037645,Carales,genus of insects,,9,Q16521,search,no,far
G089,Caral-Supe,PER,Q250244,Norte Chico,Peri,,1,,search,no,far
G089,Caral-Supe,PER,Q37286438,Carál,female given name,,0,Q11879590,search,yes,far
G090,Chavín de Huántar,PER,Q732554,Chavin de Huantar,archaeological site in Peru,0.06,43,Q839954|Q9259,whs,yes,ambiguous
G090,Chavín de Huántar,PER,Q13341477,Chavín culture,pre-Columbian civilisation from Peru,0.11,42,Q465299,search,no,ambiguous
G090,Chavín de Huántar,PER,Q2697268,Chavín de Huantar District,district of Peru,0.49,14,Q2179958,search,no,ambiguous
G090,Chavín de Huántar,PER,Q17449251,Chavín de Huántar,"village in Ancash, Peru",0.49,3,Q3957,search,yes,near
G090,Chavín de Huántar,PER,Q105440954,Chavin de Huantar Contemporary Army Museum,military museum in Lima,286.75,0,Q2772772,search,no,far
G090,Chavín de Huántar,PER,Q5390721,"Chavín, Viveiro",,9151.26,4,Q12397176,search,no,far
G090,Chavín de Huántar,PER,Q1141005,Chavin,"commune in Indre, France",9938.69,37,Q484170,search,yes,far
G090,Chavín de Huántar,PER,Q4570011,Chavinia,genus of arachnids,,4,Q16521,search,no,far
G090,Chavín de Huántar,PER,Q135507265,Chavín De Huántar: The Rescue of the Century,2025 film directed by Diego de León,,2,Q11424,search,no,far
G090,Chavín de Huántar,PER,Q36941213,Chavin,family name,,1,Q101352,search,yes,far
G090,Chavín de Huántar,PER,Q103897149,Chavín de Huántar,encyclopedia article,,0,Q13433827,search,yes,far
G090,Chavín de Huántar,PER,Q109618690,"Chavín de Huántar. Excavaciones en la Galería de las Ofrendas. Materialen zur Allgemeinen und Vergleichenden Archaologie Band 51. Luis Guillermo Lumbreras. Verlag Philipp Von Zabern, Mainz am Rhein, 1993. 461 pp., figures, 24 color plates, tables,",,,0,Q637866,search,no,far
G091,Cerros de Amotape National Park,PER,Q977740,Amotape Hills National Park,national park of Peru,19.75,16,Q20488347,search,no,unique
G091,Cerros de Amotape National Park,PER,Q4747987,Amotape District,"district in Piura, Peru",113.69,13,Q2179958,search,no,far
G091,Cerros de Amotape National Park,PER,Q125682617,,,113.69,1,Q3257686,search,no,far
G091,Cerros de Amotape National Park,PER,Q4747979,Amotape complex,archaeological culture,,1,Q465299,search,no,far
G092,Megantoni National Sanctuary,PER,Q6062202,Megantoni National Sanctuary,protected area in Peru,11.34,7,Q473972,search,yes,near
G092,Megantoni National Sanctuary,PER,Q27667390,"Megantoni District, La Convención Province","district in Cusco, Peru",82.23,6,Q2179958,search,no,far
G092,Megantoni National Sanctuary,PER,Q5579652,Trichomycterus megantoni,species of fish,,8,Q16521,search,no,far
G093,Kondoa Rock-Art Sites,TZA,Q1404282,Kondoa Rock Art Sites,cave in Tanzania,0.05,34,Q35509|Q839954|Q15727816,search,no,unique
G093,Kondoa Rock-Art Sites,TZA,Q25618760,,,,1,,search,no,far
G093,Kondoa Rock-Art Sites,TZA,Q33872698,Kondoa-Irangi District,district of German East Africa,,0,Q41762037,search,no,far
G094,Mwanza,TZA,Q110218,Mwanza,Lakeside City,0.04,67,Q515|Q2264924|Q1549591,search,yes,ambiguous
G094,Mwanza,TZA,Q392790,Mwanza Airport,airport,8.84,18,Q1248784|Q62447|Q94993988|Q644371,search,no,ambiguous
G094,Mwanza,TZA,Q131560872,Mwanza Central Train Station,,0.68,1,Q55488,search,no,near
G094,Mwanza,TZA,Q331153,Mwanza Region,region of Tanzania,30.8,44,Q845820,search,no,far
G094,Mwanza,TZA,Q797933,Mwanza District,district of Malawi,1464.57,30,Q1058387,search,no,far
G094,Mwanza,TZA,Q1416015,Mwanza,human settlement in Malawi,1466.63,12,Q486972,search,yes,far
G094,Mwanza,TZA,Q21492295,Mwanza,family name,,2,Q101352,search,yes,far
G095,Katavi National Park,TZA,Q1422525,Katavi National Park,national park in Tanzania,8.21,23,Q46169,search,yes,unique
G095,Katavi National Park,TZA,Q2682731,Katavi Region,"region in Southern Highlands, Tanzania",64.43,33,Q845820,search,no,far
G095,Katavi National Park,TZA,Q25248302,Katavi,"human settlement in Pune district, Pune division, Maharashtra, India",5448.19,1,Q56436498,search,yes,far
G095,Katavi National Park,TZA,Q20678293,Katavičy,village in Belarus,6791.29,5,Q65661087,search,no,far
G095,Katavi National Park,TZA,Q20472569,Katavičy,former village in Belarus,6942.35,2,Q65661087|Q22674925,search,no,far
G095,Katavi National Park,TZA,Q46948412,Katavi,Electoral constituency of the National Assembly Tanzania,,0,Q192611,search,yes,far
G095,Katavi National Park,TZA,Q125368777,Katavisto,family name,,0,Q101352,search,no,far
G096,Udzungwa Mountains National Park,TZA,Q1294175,Udzungwa Mountains National Park,national park,3.68,19,Q46169,search,yes,ambiguous
G096,Udzungwa Mountains National Park,TZA,Q1955037,Udzungwa Mountains,mountain range in south-central Tanzania,17.78,16,Q46831,search,no,ambiguous
G096,Udzungwa Mountains National Park,TZA,Q921022,Udzungwa red colobus,species of mammal,,26,Q16521,search,no,far
G096,Udzungwa Mountains National Park,TZA,Q55185822,Trioceros tempeli,species of reptile,,10,Q16521,search,no,far
G096,Udzungwa Mountains National Park,TZA,Q108043904,Udzungwalimax suminis,species of gastropod,,2,Q16521,search,no,far
G096,Udzungwa Mountains National Park,TZA,Q21965859,Procolobus gordonorum,species of mammal,,0,Q16521,search,no,far
G096,Udzungwa Mountains National Park,TZA,Q107307927,Udzungwalimax,genus of molluscs,,0,Q16521,search,no,far
G097,Mikumi National Park,TZA,Q1124728,Mikumi National Park,national park in Tanzania,9.72,31,Q46169,search,yes,unique
G097,Mikumi National Park,TZA,Q6850269,Mikumi,"town in Morogoro Region, Tanzania",29.59,8,Q486972,search,yes,near
G097,Mikumi National Park,TZA,Q604491,MikuMikuDance,proprietary freeware animation program,,17,Q40056,search,no,far
G097,Mikumi National Park,TZA,Q13124065,Mikumi,,,2,Q18691601,search,yes,far
G097,Mikumi National Park,TZA,Q11608819,Mikumi district,"former district in Hyōgo prefecture, Japan",,2,Q46426234,search,no,far
G097,Mikumi National Park,TZA,Q46949971,Mikumi,Electoral constituency of the National Assembly Tanzania,,0,Q192611,search,yes,far
G097,Mikumi National Park,TZA,Q105866055,MikuMikuDance PolygonMovieMaker data,file format,,0,Q235557,search,no,far
G098,Moshi,TZA,Q3324799,Moshi District,district of Kilimanjaro Region in Tanzania,1.7,10,Q2409750,search,no,ambiguous
G098,Moshi,TZA,Q271733,Moshi,city in Tanzania,1.87,47,Q515|Q1549591,search,yes,ambiguous
G098,Moshi,TZA,Q6916218,Moshi Municipal District,"district in Kilimanjaro Region, Tanzania",1.99,9,Q2409750,search,no,near
G098,Moshi,TZA,Q36096,Mooré,Gur language spoken in Burkina Faso and neighbouring countries,4660.77,53,Q34770|Q1288568,search,no,far
G098,Moshi,TZA,Q14255548,Moshi,"town in Shimen, Changde, Hunan, China",8621.49,1,Q735428,search,yes,far
G098,Moshi,TZA,Q1165955,Mossi people,ethnic group in Burkina Faso and Togo,,43,Q41710,search,no,far
G098,Moshi,TZA,Q30103031,Moshi,male given name,,0,Q12308941,search,yes,far
G099,Marrakech,MAR,Q258348,Jemaa el-Fnaa,urban square and market in Marrakech and Moroccan cultural heritage site,0.01,38,Q174782|Q219760,search,yes,ambiguous
G099,Marrakech,MAR,Q966780,Medina of Marrakesh,Moroccan cultural heritage site,0.64,13,Q1128906|Q702492,whs,yes,ambiguous
G099,Marrakech,MAR,Q101625,Marrakech,"city in Marrakesh-Safi, Morocco",0.84,142,Q1549591,search,yes,ambiguous
G099,Marrakech,MAR,Q477940,Marrakesh-Tensift-El Haouz,formerly one of the sixteen regions of Morocco from 1997 to 2015,1.47,38,Q28716292,search,no,ambiguous
G099,Marrakech,MAR,Q1673256,Marrakesh Prefecture,prefecture of Morocco,1.49,13,Q15623950,search,no,ambiguous
G099,Marrakech,MAR,Q19951125,Marrakesh-Safi,region of Morocco,38.96,35,Q845643,search,no,far
G099,Marrakech,MAR,Q2364432,Marrakech,2007 board game,,7,Q131436,search,yes,far
G099,Marrakech,MAR,Q6772781,Marrakech,2004 single by ATB,,3,Q134556,search,yes,far
G099,Marrakech,MAR,Q11232791,Marrakech,single by Seiko Matsuda,,2,Q134556,search,yes,far
G099,Marrakech,MAR,Q27777839,Diocese of Marrakesh,"1234-1566 (Diocese), Morocco; Historical",,1,Q27780831,search,no,far
G099,Marrakech,MAR,Q122314066,Marrakech,2021 video game,,0,Q7889,search,yes,far
G099,Marrakech,MAR,Q19920735,Marrakech,painting by Frank Stella,,0,Q3305213,search,yes,far
G099,Marrakech,MAR,Q28130721,Marrakech,painting by Luigi Settanni,,0,Q3305213,search,yes,far
G099,Marrakech,MAR,Q124745608,Marrakesh,2022 board game,,0,Q131436,search,yes,far
G099,Marrakech,MAR,Q60664006,Marrakesh,short story by Alice Munro,,0,Q7725634,search,yes,far
G099,Marrakech,MAR,Q129596236,Jemaa el-Fnaa Public Square: A Cultural and Literary Source in Ben Jelloun’s The Sand Child and The Sacred Night,scholarly article,,0,Q13442814,search,no,far
G100,Fez,MAR,Q29080943,Fes el Bali,"quarter of Fes, Morocco",0.28,23,Q676050,search,no,ambiguous
G100,Fez,MAR,Q2072102,Medina of Fez,Moroccan cultural heritage site,0.28,15,Q1128906|Q702492,whs,yes,ambiguous
G100,Fez,MAR,Q80985,Fez,city in Morocco,3.69,124,Q515|Q56061,search,yes,ambiguous
G100,Fez,MAR,Q54245102,Freizeit- und Erholungszentrum,"cultural center in Treptow-Köpenick, Germany",2520.59,2,Q1329623|Q41176,search,no,far
G100,Fez,MAR,Q132241,festival,"organized set of events or activities focused on a theme (cultural, religious or other) that recurs regularly (e.g. once a year) and lasts anywhere from several hours to weeks",,107,Q108586636,search,no,far
G100,Fez,MAR,Q189862,fez,cone-shaped cap with a flat crown,,65,,search,yes,far
G100,Fez,MAR,Q157337,Festuca,genus of plants,,57,Q16521,search,no,far
G100,Fez,MAR,Q868557,music festival,"a community event with performances of singing and instrument playing that is often presented with a theme such as musical genre, musical instrument, nationality, locality of musicians, or holiday",,44,Q108680062,search,no,far
G100,Fez,MAR,Q159702,Festuca rubra,species of plant,,39,Q16521,search,no,far
G100,Fez,MAR,Q2581523,Fez,2012 video game,,23,Q7889,search,yes,far
G100,Fez,MAR,Q3889237,Felix Zamenhof,Polish poet and Esperantist (1868–1933),,6,Q5,search,no,far
G100,Fez,MAR,Q5446177,Fez,That '70s Show and That '90s Show character,,3,Q15632617|Q15773317,search,yes,far
G100,Fez,MAR,Q157922,Festuca arundinacea,species of plant,,1,Q16521,search,no,far
G100,Fez,MAR,Q20010681,Fellow of the Royal Entomological Society,award,,1,Q20006438,search,no,far
G100,Fez,MAR,Q5425402,FEZ,Fedora web interface,,0,Q7397,search,yes,far
G101,Casablanca,MAR,Q7903,Casablanca,largest city of Morocco,1.35,153,Q515,search,yes,unique
G101,Casablanca,MAR,Q59956152,Dar El Beida (Meknes),Moroccan cultural heritage site,192.63,0,Q2434238,search,no,far
G101,Casablanca,MAR,Q67195444,El Beida Palace,"Royal residence in Fez, Morocco",248.91,3,Q2434238,search,no,far
G101,Casablanca,MAR,Q23816099,Dar el Beïda,hill in Algeria,585.19,1,Q54050,search,no,far
G101,Casablanca,MAR,Q110671343,Casablanca,"place of the province of Almería, Spain",664.59,1,Q486972|Q3055118,search,yes,far
G101,Casablanca,MAR,Q28716502,Dar El Beida,railway station in Algeria,1042.8,3,Q55488,search,no,far
G101,Casablanca,MAR,Q59419,Dar El Beïda,municipality of Algeria,1042.93,17,Q2989398,search,no,far
G101,Casablanca,MAR,Q3019697,Dar El Beïda District,"district in Algiers, Algeria",1042.93,14,Q2614970,search,no,far
G101,Casablanca,MAR,Q136647697,Casablanca,,1070.99,0,Q2175765,search,yes,far
G101,Casablanca,MAR,Q3742,Casablanca,Chilean commune,9985.78,27,Q1840161|Q515,search,yes,far
G101,Casablanca,MAR,Q132689,Casablanca,1942 film directed by Michael Curtiz,,107,Q11424,search,yes,far
G101,Casablanca,MAR,Q1046707,Casablanca Records,American recording label,,19,Q18127,search,no,far
G101,Casablanca,MAR,Q37497783,Casablanca,family name,,0,Q101352,search,yes,far
G102,Rabat,MAR,Q3551,Rabat,capital city of Morocco,0.59,189,Q515|Q1549591|Q108178728,whs,yes,ambiguous
G102,Rabat,MAR,Q477961,Rabat-Salé-Zemmour-Zaër,former region of Morocco,1.38,36,Q28716292,search,no,ambiguous
G102,Rabat,MAR,Q19951239,Rabat-Salé-Kénitra,region of Morocco,1.38,35,Q845643,search,no,ambiguous
G102,Rabat,MAR,Q1432573,Rabat-Salé Airport,Airport in Morocco,8.39,27,Q644371|Q695850|Q1248784|Q94993988,search,no,ambiguous
G102,Rabat,MAR,Q109019074,Rabat-Salé-Kénitra Regional Council,,0.41,2,Q119811662,search,no,near
G102,Rabat,MAR,Q65926560,"Rabat, Modern Capital and Historic City",World Heritage site in Morocco,1.18,1,Q18247357|Q702492,whs,no,near
G102,Rabat,MAR,Q639968,Rabat-les-Trois-Seigneurs,"commune in Ariège, France",1222.85,34,Q484170,search,no,far
G102,Rabat,MAR,Q752348,Rabat,"capital of Gozo, an island of the Maltese archipelago",1929.1,53,Q515,search,yes,far
G102,Rabat,MAR,Q44381,Rabat,"town near Mdina, Malta",1942.43,48,Q3957,search,yes,far
G102,Rabat,MAR,Q16534749,Rabati Castle,"Georgian castle, fortress",4393.88,24,Q23413|Q57831,search,no,far
G102,Rabat,MAR,Q948685,STRS,tram system in the Moroccan agglomeration of Rabat and Salé,,15,Q12162186,search,no,far
G102,Rabat,MAR,Q814196,bands,"formal neckwear consisting of two oblong pieces of cloth tied at the neck, worn with some forms of clerical, judicial, and academic dress",,14,,search,no,far
G102,Rabat,MAR,Q64425480,Rabat,article in Otto's encyclopedia,,1,Q13433827,search,yes,far
G102,Rabat,MAR,Q132803742,Rabat-salé,journal article from 'Cities' published in 1984,,0,Q13442814,search,yes,far
G103,Chefchaouen,MAR,Q676778,Chefchaouen,Moroccan city located in the Western Rif in the Akhmas region,0.06,54,Q515|Q3327862,search,yes,ambiguous
G103,Chefchaouen,MAR,Q2354922,Chefchaouen Province,province of Morocco,0.27,18,Q15629582,search,no,ambiguous
G103,Chefchaouen,MAR,Q58973821,Chefchaouen Church,Moroccan cultural heritage site,0.06,1,Q16970,search,no,near
G103,Chefchaouen,MAR,Q33662977,Chefchaouen,,0.29,1,Q12357832,search,yes,near
G103,Chefchaouen,MAR,Q12238653,Chefchaouen Ethnographic Museum,,0.66,2,Q33506,search,no,near
G103,Chefchaouen,MAR,Q58976341,Chefchaouen Medina,Moroccan cultural heritage site,0.81,0,Q2434238,search,yes,near
G103,Chefchaouen,MAR,Q2956465,,,1269.19,1,Q852190,search,no,far
G103,Chefchaouen,MAR,Q5072848,Chaouéni,"village in Anjouan, Comoros",7437.41,6,Q486972,search,no,far
G103,Chefchaouen,MAR,Q31673446,Chaouéni,hill in France,7523.33,1,Q54050,search,no,far
G103,Chefchaouen,MAR,Q21483833,Chefchaouen retreat,1924,,4,Q1760704,search,no,far
G104,Erg Chebbi (Merzouga),MAR,Q1922278,Merzouga,small village in southeastern Morocco,0.18,22,Q486972,search,yes,ambiguous
G104,Erg Chebbi (Merzouga),MAR,Q146219,Erg Chebbi,Dune landscape in Morocco,7.84,23,Q319120,search,yes,ambiguous
G104,Erg Chebbi (Merzouga),MAR,Q111872976,Merzouga Luxury Desert Camp,"hotel in Merzouga, Morocco",0.09,0,Q27686,search,no,near
G104,Erg Chebbi (Merzouga),MAR,Q112012405,Merzouga Bazzine Desert Camp,hotel in Morocco,4.38,0,Q27686,search,no,near
G104,Erg Chebbi (Merzouga),MAR,Q111123412,Merzouga Camp and Hostel,hostel in Merzouga,4.8,0,Q654772,search,no,near
G104,Erg Chebbi (Merzouga),MAR,Q23817917,Erg Chebbi,,225.74,1,Q8514,search,yes,far
G104,Erg Chebbi (Merzouga),MAR,Q20804395,Merzouga Rally,off-road vehicle race,,4,Q13406554,search,no,far
G104,Erg Chebbi (Merzouga),MAR,Q14208537,,,,1,,search,no,far
G104,Erg Chebbi (Merzouga),MAR,Q29428646,Erg Chebbi,Wikimedia disambiguation page,,1,Q4167410,search,yes,far
G105,Ait Benhaddou,MAR,Q309436,Aït Benhaddou,Historical village in southeastern Morocco,0.53,68,Q89691|Q2434238,whs,yes,unique
G105,Ait Benhaddou,MAR,Q27531449,,,328.11,1,Q55463514,search,no,far
G105,Ait Benhaddou,MAR,Q58896670,,Moroccan cultural heritage site,,0,Q2434238,search,no,far
G105,Ait Benhaddou,MAR,Q58896669,,Moroccan cultural heritage site,,0,Q2434238,search,no,far
G105,Ait Benhaddou,MAR,Q58896679,,Moroccan cultural heritage site,,0,Q2434238,search,no,far
G105,Ait Benhaddou,MAR,Q58896667,,Moroccan cultural heritage site,,0,Q2434238,search,no,far
G105,Ait Benhaddou,MAR,Q123960086,Ait Ben Haddou Primary School,"primary school in Ait Zineb, Morocco",,0,Q123945716,search,no,far
G106,Essaouira,MAR,Q216939,Essaouira,"city in Marrakech-Safi, Morocco",0.12,74,Q515|Q3327862,search,yes,ambiguous
G106,Essaouira,MAR,Q11858823,Medina of Essaouira,World Heritage site in Morocco,0.19,14,Q1128906,search,yes,ambiguous
G106,Essaouira,MAR,Q1368543,Essaouira Province,province of Morocco,1.48,20,Q15629582,search,no,ambiguous
G106,Essaouira,MAR,Q960083,Mogador Island,island in Morocco,2.49,12,Q23442,search,no,ambiguous
G106,Essaouira,MAR,Q111873241,Essaouira Wind Palace,"hotel in Essaouira, Morocco",0.03,0,Q27686,search,no,near
G106,Essaouira,MAR,Q55264662,Essaouira Ramparts,Moroccan cultural heritage site,0.21,1,Q16748868|Q676050|Q210272|Q702492,search,no,near
G106,Essaouira,MAR,Q33672422,Essaouira,,7.18,1,Q12357832,search,yes,near
G106,Essaouira,MAR,Q106152496,Essaouira-Agadir basin,Moroccan sedimentary basin,87.13,2,Q785020,search,no,far
G106,Essaouira,MAR,Q3010050,Céleste Mogador,"French dancer, playwright and novelist (1824-1909)",,13,Q5,search,no,far
G106,Essaouira,MAR,Q2419081,Mogador-class destroyer,1937 class of French destroyers,,12,Q559026,search,no,far
G106,Essaouira,MAR,Q1637190,Mogador,1937 Mogador-class destroyer,,10,Q174736,search,yes,far
G106,Essaouira,MAR,Q130371120,Mogador,,,1,Q177597,search,yes,far
G106,Essaouira,MAR,Q96758332,Essaouira constituency,,,0,Q192611,search,no,far
G107,Volubilis,MAR,Q391215,Volubilis,archaeological site in Morocco,0.39,53,Q125857545|Q15661340|Q21752084,whs,yes,unique
G107,Volubilis,MAR,Q122707276,post-rampart,Roman age aqueduct,0.24,0,Q474,search,no,near
G107,Volubilis,MAR,Q7110169,Oualili,rural commune in Morocco,3.83,7,Q17318027,search,no,near
G107,Volubilis,MAR,Q115422836,Walili Palolon Island,"island in Raja Ampat Regency, Southwest Papua Province, Indonesia",14235.23,0,Q207524,search,no,far
G107,Volubilis,MAR,Q115422831,Walili Le Island,"island in Raja Ampat Regency, Southwest Papua Province, Indonesia",14235.47,0,Q207524,search,no,far
G107,Volubilis,MAR,Q115422830,Walili Island,"island in Raja Ampat Regency, Southwest Papua Province, Indonesia",14235.51,0,Q207524,search,no,far
G107,Volubilis,MAR,Q48752235,Volubilis,2017 film directed by Faouzi Bensaïdi,,6,Q11424,search,yes,far
G107,Volubilis,MAR,Q7940818,Volubilis,series of marble sculptures by French sculptor Alfred Boucher,,2,Q860861,search,yes,far
G107,Volubilis,MAR,Q27616145,Volubilis,sculpture by Jean-Pierre Ghysels,,0,Q860861,search,yes,far
G107,Volubilis,MAR,Q103972756,Volubilis,encyclopedia article,,0,Q13433827,search,yes,far
G107,Volubilis,MAR,Q137471447,Walili,,,0,Q2385804,search,yes,far
G107,Volubilis,MAR,Q137471225,Walili,private educational institution in Morocco,,0,Q2385804,search,yes,far
G107,Volubilis,MAR,Q123960849,Walili Primary School,"primary school in Zaggota, Morocco",,0,Q123945716,search,no,far
G108,Toubkal,MAR,Q503433,Jbel Toubkal,Mountain in Morocco,0.33,53,Q8502,search,no,ambiguous
G108,Toubkal,MAR,Q1969097,Toubkal National Park,national park in Morocco,8.32,22,Q46169,search,yes,ambiguous
G108,Toubkal,MAR,Q112012351,Mount Toubkal Lodge,"hotel in Aroumd, Morocco",7.32,0,Q27686,search,no,near
G108,Toubkal,MAR,Q7828533,Toubkal,rural commune in Morocco,12.01,9,Q17318027|Q2989400,search,yes,near
G108,Toubkal,MAR,Q83647147,Toubkal,ship built in 1990,,1,Q11446,search,yes,far
G108,Toubkal,MAR,Q132661554,Toubkal,supercomputer developed by DELL,,0,Q121117,search,yes,far
G108,Toubkal,MAR,Q137471207,Toubkal,private educational institution in Morocco,,0,Q2385804,search,yes,far
G108,Toubkal,MAR,Q123962421,Toubkal Primary School,"primary school in Hay-Hassani, Morocco",,0,Q123945716,search,no,far
G109,Todra Gorge,MAR,Q3111026,Todgha Gorge,Canyon in Morocco,0.39,15,Q150784,search,yes,unique
G110,Agadir,MAR,Q170525,Agadir,city in Morocco,1.61,106,Q3327862|Q515|Q1549591,search,yes,unique
G110,Agadir,MAR,Q1416280,Agadir–Al Massira Airport,airport in Morocco,21.4,31,Q644371|Q1248784|Q94993988,search,no,far
G110,Agadir,MAR,Q28881619,Agadir Bouachiba,"village in Anzou, Azilal, Morocco",260.54,5,Q532,search,no,far
G110,Agadir,MAR,Q99736694,Charnwood,"house in Hitchin, Hertfordshire, England, UK",2511.88,1,Q3947|Q856584|Q24699794,search,no,far
G110,Agadir,MAR,Q1588638,Hassania Agadir,association football club Hassania,,19,Q476028,search,no,far
G110,Agadir,MAR,Q389984,agadir,defensive fortification and community storage,,12,Q12369469,search,yes,far
G110,Agadir,MAR,Q52312010,Golf,ro-ro/passenger ship built in 1969,,2,Q1760328,search,no,far
G111,Tangier,MAR,Q126148,Tangier,"city in and capital of Tanger-Tetouan-Al Hoceima, Morocco",0.61,125,Q515|Q1549591,search,yes,unique
G111,Tangier,MAR,Q49295430,Tangier,,0.98,1,Q486972,search,yes,near
G111,Tangier,MAR,Q19951300,Tangier-Tetouan-Al Hoceima,region of Morocco,67.64,36,Q845643,search,no,far
G111,Tangier,MAR,Q817275,Tangier,Moroccan city,258.59,15,Q17318027,search,yes,far
G111,Tangier,MAR,Q34927038,Tanger,"river in Saxony-Anhalt, Germany - Geonames ID = 2824260",2328.02,1,Q4022,search,yes,far
G111,Tangier,MAR,Q1373391,Tangier,"town in Accomack County, Virginia, United States",6098.96,30,Q15127012,search,yes,far
G111,Tangier,MAR,Q10123,Tangerang,"regency in Banten Province, Indonesia",12416.27,19,Q3191695,search,no,far
G111,Tangier,MAR,Q10127,Tangerang,"city in Banten Province, Indonesia",12427.74,71,Q3199141|Q6433861,search,no,far
G111,Tangier,MAR,Q125337,Citrus reticulata,species of plant,,112,Q16521,search,no,far
G111,Tangier,MAR,Q1442621,Tangier disease,extremely rare inherited human disorder,,17,Q42303753|Q929833|Q112193867,search,no,far
G111,Tangier,MAR,Q37097152,Tanger,family name,,1,Q101352,search,yes,far
G111,Tangier,MAR,Q104119779,Diocese of Tanger (Tangier),medieval diocese of the Roman Catholic Church (1459-1570),,0,Q27780831,search,no,far
G111,Tangier,MAR,Q27978149,Tangier,painting by Ferdinand van Kessel,,0,Q3305213,search,yes,far
G112,Meknes,MAR,Q3408890,Meknès Prefecture,prefecture of Morocco,0.07,16,Q15623950,search,no,ambiguous
G112,Meknes,MAR,Q178663,Meknes,city in Morocco,1.35,95,Q515|Q1549591|Q3327862,search,yes,ambiguous
G112,Meknes,MAR,Q12352436,Medina of Meknes,Moroccan cultural heritage site,1.35,6,Q1128906|Q702492|Q486972|Q40364446,whs,no,near
G112,Meknes,MAR,Q16525154,Meknes Royal Military Academy,Moroccan military school,1.8,3,Q917182|Q1935049,search,no,near
G112,Meknes,MAR,Q681138,Meknes city train station,railway station in Morocco,2.05,5,Q55488,search,no,near
G112,Meknes,MAR,Q33693063,Meknes,,2.37,1,Q12357832,search,yes,near
G112,Meknes,MAR,Q3304826,Meknès,"ship, 1914",,2,Q12859788|Q697196,search,yes,far
G112,Meknes,MAR,Q83647137,Meknes,ship built in 1982,,1,Q11446,search,yes,far
G113,Ouzoud Falls,MAR,Q38212,Ouzoud Falls,Moroccan cultural heritage site,0.16,34,Q34038|Q357384,search,yes,unique
G114,Oujda,MAR,Q193802,Oujda,city in Morocco,0.67,74,Q515|Q3327862|Q1549591,search,yes,ambiguous
G114,Oujda,MAR,Q1734717,Oujda-Angad Prefecture,prefecture of Morocco,0.75,17,Q15623950,search,no,ambiguous
G114,Oujda,MAR,Q33704950,Oujda (Municipality),,0.27,1,Q12357832,search,no,near
G114,Oujda,MAR,Q3095848,Oujda train station,railway station in Morocco,1.64,5,Q55488,search,no,near
G114,Oujda,MAR,Q6718145,Oujda,scrapped ro/ro ferry,,6,Q473932,search,yes,far
G114,Oujda,MAR,Q12243725,Arabic–African Union Treaty,1984 Morocco–Libya treaty,,5,Q131569,search,no,far
G114,Oujda,MAR,Q96758381,Oujda-Angad constituency,,,0,Q192611,search,no,far
G115,Ouarzazate,MAR,Q505208,Ouarzazate,City in Morocco,2.19,60,Q3957|Q3327862,search,yes,ambiguous
G115,Ouarzazate,MAR,Q1432275,Ouarzazate Airport,airport in Morocco,2.59,22,Q1248784|Q94993988,search,no,ambiguous
G115,Ouarzazate,MAR,Q1629229,Ouarzazate Province,"province in Draa-Tafilalet, Morocco",2.62,18,Q15629582,search,no,ambiguous
G115,Ouarzazate,MAR,Q12043343,Ouarzazate,,1.32,1,Q4022,search,yes,near
G115,Ouarzazate,MAR,Q33704901,Ouarzazate,,3.31,1,Q12357832,search,yes,near
G115,Ouarzazate,MAR,Q3050555,M'Goun,mountain in Morocco,78.54,18,Q8502,search,no,far
G115,Ouarzazate,MAR,Q140242978,Ouarzazate International University Film Festival,,,2,Q220505,search,no,far
G116,Imlil,MAR,Q6004235,Imlil,"fraction in Marrakesh-Safi, Morocco",1.2,15,Q486972|Q28912853,search,yes,unique
G116,Imlil,MAR,Q111872905,Imlil Authentic Toubkal Lodge,"hotel in Imlil, Morocco",0.06,0,Q27686,search,no,near
G116,Imlil,MAR,Q138211946,Imlil mosque,Mosque in Morocco,0.11,0,Q32815,search,no,near
G116,Imlil,MAR,Q111872893,Imlil Lodge,"hotel in Tamatert, Morocco",1.49,0,Q27686,search,no,near
G116,Imlil,MAR,Q6004240,"Imlil, Tadla-Azilal",rural commune in Morocco,110.41,13,Q17318027,search,no,far
G116,Imlil,MAR,Q6004236,Imlili,rural commune in Morocco,1190.9,9,Q17318027|Q2989400,search,no,far
G116,Imlil,MAR,Q137468510,Imlil,private educational institution in Morocco,,0,Q2385804,search,yes,far
G117,Ifrane,MAR,Q1001887,Ifrane,city in Morocco,0.9,42,Q515|Q3327862|Q130003,search,yes,ambiguous
G117,Ifrane,MAR,Q2301648,Ifrane Province,Province in Morocco,1.45,19,Q15629582,search,no,ambiguous
G117,Ifrane,MAR,Q3084356,Ifrane Airport,airport in Morocco,5.25,14,Q1248784,search,no,ambiguous
G117,Ifrane,MAR,Q33679887,Ifrane,,0.71,1,Q12357832,search,yes,near
G117,Ifrane,MAR,Q28898211,,douar in Morocco,240.7,3,Q23925393,search,no,far
G117,Ifrane,MAR,Q2281695,Ifrane Atlas-Saghir,rural commune in Morocco,635.76,14,Q17318027|Q2989400,search,no,far
G117,Ifrane,MAR,Q108182198,Ifrane,horse (born 1974),,0,Q726,search,yes,far
G118,Taghazout,MAR,Q621472,Taghazout,geographical object,0.19,19,Q1317251|Q17318027|Q2989400,search,yes,unique
G118,Taghazout,MAR,Q64584843,Taghazout Skatepark,Skatepark in Morocco,0.59,0,Q909906,search,no,near
G118,Taghazout,MAR,Q21657020,Taghazout Bay,Seaside resort in southern Morocco,,4,Q783794,search,no,far
G118,Taghazout,MAR,Q3562220,Taghazout - Tiznit motorway,road in Morocco,,2,Q34442,search,no,far
G118,Taghazout,MAR,Q123959911,Taghazout Primary School,"primary school in Tsaft, Morocco",,0,Q123945716,search,no,far
G118,Taghazout,MAR,Q131137351,Taghazout Al-Sharqia Mosque,"Mosque in Tinghir, Morocco",,0,Q32815,search,no,far
G118,Taghazout,MAR,Q123952757,Taghazout Centre Primary School,"primary school in Azzaba, Morocco",,0,Q123945716,search,no,far
G119,Tetouan,MAR,Q3847588,Medina of Tétouan,World heritage site in Morocco,0.14,14,Q1128906|Q702492,whs,yes,ambiguous
G119,Tetouan,MAR,Q1257443,Tétouan Province,province of Morocco,0.5,18,Q15629582,search,no,ambiguous
G119,Tetouan,MAR,Q185157,Tétouan,Moroccan city located in the Western Rif,0.72,87,Q3327862|Q515,search,yes,ambiguous
G119,Tetouan,MAR,Q1433058,Tetouan Saniat R'mel Airport,airport in Morocco,5.06,21,Q1248784|Q94993988|Q644371,search,no,ambiguous
G119,Tetouan,MAR,Q51123550,Tetouan Modern Art Center,,0.52,3,Q33506,search,no,near
G119,Tetouan,MAR,Q33721176,Tetouan,,2.28,1,Q12357832,search,yes,near
G119,Tetouan,MAR,Q136513995,Upsilon Andromedae,star in the constellation Andromeda,,31,Q878367|Q523|Q50053|Q13890,search,no,far
G119,Tetouan,MAR,Q528726,Tetouan–Fnideq expressway,Expressway in Morocco.,,8,Q46622,search,no,far
G119,Tetouan,MAR,Q96758380,Tétouan constituency,,,1,Q192611|Q27962440,search,no,far
G119,Tetouan,MAR,Q848579,Upsilon Andromedae,yellow-white hued star in Andromeda constellation,,0,Q1353952|Q50053|Q1993624|Q67206691,search,no,far
G120,El Jadida,MAR,Q599606,El Jadida Province,province of Morocco,1.12,18,Q15629582,search,no,ambiguous
G120,El Jadida,MAR,Q219583,El Jadida,city in Morocco,3.19,65,Q515|Q3327862|Q1549591,search,yes,ambiguous
G120,El Jadida,MAR,Q555360,Mazagan,"former Portuguese possession in Africa, Moroccan cultural heritage site",0.07,9,Q1128906|Q57831|Q210272|Q702492,search,yes,near
G120,El Jadida,MAR,Q43282103,El Jadida Museum,,0.61,3,Q33506,search,no,near
G120,El Jadida,MAR,Q12692553,El Jadida Airport,airport in Morocco,2.96,6,Q1248784,search,no,near
G120,El Jadida,MAR,Q3095729,El Jadida train station,railway station in Morocco,4.37,2,Q55488,search,no,near
G120,El Jadida,MAR,Q3303049,,,11.34,2,Q27686,search,no,near
G120,El Jadida,MAR,Q96758396,El Jadida constituency,,,1,Q192611|Q27962440,search,no,far
G120,El Jadida,MAR,Q3303050,Mazagan,,,1,Q215380,search,yes,far
G120,El Jadida,MAR,Q120798736,Mazagan Ambush,,,1,Q680838,search,no,far
G120,El Jadida,MAR,Q131884699,,,,0,Q43229,search,no,far
G120,El Jadida,MAR,Q35144574,Mazaganellaceae,family of algae,,0,Q16521,search,no,far
G121,Madrid,ESP,Q2807,Madrid,capital of Spain,0.06,305,Q2074737,search,yes,ambiguous
G121,Madrid,ESP,Q5756,Community of Madrid,autonomous community of Spain,1.46,122,Q10742|Q43229|Q406957,search,no,ambiguous
G121,Madrid,ESP,Q58137354,Madrid,constituency of the Senate of Spain,9.75,1,Q58137389,search,yes,near
G121,Madrid,ESP,Q5638036,Madrid,"town in Tecomán Municipality, State of Colima, Mexico",9465.75,8,Q20202352,search,yes,far
G121,Madrid,ESP,Q155605,Madrid,municipality of the Philippines in the province of Surigao del Sur,12458.73,22,Q24764,search,yes,far
G121,Madrid,ESP,Q8682,Real Madrid Club de Fútbol,"association football club in Madrid, Spain",,151,Q476028,search,no,far
G121,Madrid,ESP,Q38602061,Madrid,,,0,Q192611,search,yes,far
G122,Barcelona,ESP,Q1492,Barcelona,"city in Catalonia, Spain",0.77,246,Q33146843|Q515,search,yes,ambiguous
G122,Barcelona,ESP,Q1640731,Polytechnic University of Catalonia,"public university in Barcelona, Spain",4.51,22,Q3918|Q845392|Q45400320,search,no,ambiguous
G122,Barcelona,ESP,Q28496610,Barcelona,Parliament of Catalonia constituency,10.06,4,Q45899305,search,yes,near
G122,Barcelona,ESP,Q4859840,Barcelona,Spanish Congress electoral district,34.17,5,Q20220333,search,yes,far
G122,Barcelona,ESP,Q174114,Barcelona,municipality of the Philippines in the province of Sorsogon,11551.87,26,Q24764,search,yes,far
G122,Barcelona,ESP,Q7156,FC Barcelona,"football club in Barcelona, Catalonia, Spain",,153,Q103229495|Q20639856|Q10651067,search,no,far
G122,Barcelona,ESP,Q279991,Barcelona,album by Freddie Mercury,,25,Q482994,search,yes,far
G123,Alhambra,ESP,Q47476,Alhambra,"palace and fortress complex in Granada, Andalusia, Spain",0.08,96,Q1497375|Q16560|Q16560|Q1107656,whs,yes,unique
G123,Alhambra,ESP,Q1614490,Alhambra,municipality of Spain,197.04,39,Q2074737,search,yes,far
G123,Alhambra,ESP,Q24011827,Alhambra,"capital of Alhambra Municipality, Spain",197.15,2,Q486972|Q121289819,search,yes,far
G123,Alhambra,ESP,Q34766503,Alhambra,"former cinema in Treptow, Berlin, Germany",2158.26,0,Q24354|Q64654999,search,yes,far
G123,Alhambra,ESP,Q752681,Alhambra,"city ​​in the western San Gabriel Valley region of Los Angeles County, California, United States",9596.54,58,Q1093829|Q13218391,search,yes,far
G123,Alhambra,ESP,Q73278113,Alhambra,female given name,,1,Q11879590,search,yes,far
G123,Alhambra,ESP,Q37570372,Alhambra,family name,,0,Q101352,search,yes,far
G124,Seville,ESP,Q8717,Seville,"municipality of Andalusia, Spain",0.1,180,Q2074737,search,yes,ambiguous
G124,Seville,ESP,Q231606,Seville Cathedral,"Catholic Cathedral in Seville (Formerly a Mosque), Spain",0.37,63,Q56242215,search,no,ambiguous
G124,Seville,ESP,Q498261,Reales Alcázares,"royal palace in Seville, Spain",0.57,46,Q613611|Q16560|Q2466889|Q173387,search,no,ambiguous
G124,Seville,ESP,Q9709444,"Cathedral, Alcázar and Archivo de Indias in Seville","World Heritage site in Seville, Spain",0.61,2,Q1497375,whs,no,near
G124,Seville,ESP,Q55893348,Seville city,"human settlement in Seville, Seville Province, Andalusia, Spain",1.98,0,Q515|Q11939023|Q121289819|Q3055118,search,no,near
G124,Seville,ESP,Q683023,Seville,municipality of Spain,28.66,49,Q2074737,search,yes,far
G124,Seville,ESP,Q95088,Seville Province,province of Spain,45.32,86,Q162620,search,no,far
G124,Seville,ESP,Q7458064,Seville,constituency represented in the lower chamber of the Spanish parliament,45.32,3,Q20220333,search,yes,far
G124,Seville,ESP,Q5722083,Basilica of the Most Holy True Cross,"minor basilica cultural property in Caravaca de la Cruz, Spain",372.11,7,Q1088552|Q4989906|Q120560|Q21850178,search,no,far
G124,Seville,ESP,Q2832241,Royal Alcazar of Madrid,erstwhile fortress located at the site of today's Royal Palace of Madrid (Spain),390.31,20,Q23413|Q613611|Q19860854|Q53536964,search,no,far
G124,Seville,ESP,Q2056503,Sevilla,Madrid Metro station,391.01,15,Q928830|Q22808403,search,yes,far
G124,Seville,ESP,Q557337,Royal Alcázar of Segovia,"castle and museum of the Old City of Segovia (Spain), UNESCO World Heritage Site",427.47,38,Q613611|Q23413|Q24699794|Q570116,search,no,far
G124,Seville,ESP,Q1943127,Seville,"village in Medina County, Ohio, United States",6336.55,28,Q108569739,search,yes,far
G124,Seville,ESP,Q2263673,Sevilla,Colombian municipality of the department of Valle del Cauca,7952.47,23,Q2555896,search,yes,far
G124,Seville,ESP,Q386388,Sevilla,municipality of the Philippines in the province of Bohol,12640.21,23,Q24764,search,yes,far
G124,Seville,ESP,Q7458058,Seville,"town in Victoria, Australia",17509.22,4,Q3957|Q45242174,search,yes,far
G124,Seville,ESP,Q10329,Sevilla FC,Spanish professional football club based in Seville,,87,Q476028|Q20639856,search,no,far
G124,Seville,ESP,Q112323610,Seville,Uzbek-born Russian singer,,4,Q5,search,yes,far
G124,Seville,ESP,Q37098807,,family name,,2,Q101352,search,no,far
G124,Seville,ESP,Q9067004,,Wikimedia disambiguation page,,1,Q4167410,search,no,far
G125,Camino de Santiago,ESP,Q1029584,French Way,"pilgrims' way, part of Santiago Way",223.03,19,Q337912|Q3317612|Q131415018,search,no,far
G125,Camino de Santiago,ESP,Q39081159,Routes of Santiago de Compostela: Camino Francés and Routes of Northern Spain,"UNESCO World Heritage Site in Spain, network of routes and built heritage part of the Way of Saint James, first listed 1993, revised 2015",302.3,8,Q18247357|Q337912|Q1322323,whs,no,far
G125,Camino de Santiago,ESP,Q41150,Way of Saint James,"Catholic pilgrimage to Santiago de Compostela, Spain",466.73,78,Q67179750|Q3317612|Q4989906,search,no,far
G125,Camino de Santiago,ESP,Q321,Milky Way,galaxy containing our Solar System,,210,Q2490|Q1519541,search,no,far
G125,Camino de Santiago,ESP,Q2274548,French Way in Aragon,"cultural property in Municipios del Camino, Spain",,8,Q3317612|Q131415018,search,no,far
G125,Camino de Santiago,ESP,Q475699,Way of St. James,article in Wikimedia which mixes multiple separate topics,,6,Q21484471,search,no,far
G125,Camino de Santiago,ESP,Q41623575,Navarrese Way,pilgrimage route from the stele of Gibraltar to Puente la Reina,,4,Q337912|Q131415018|Q41150,search,no,far
G125,Camino de Santiago,ESP,Q19958655,Camino de Santiago,2015 film by Jonas Frei,,2,Q11424,search,yes,far
G125,Camino de Santiago,ESP,Q22969922,Camino de Santiago from Alcalá de Henares,,,2,Q337912,search,no,far
G125,Camino de Santiago,ESP,Q3806321,Way of Saint James in South Tyrol,,,1,Q337912,search,no,far
G125,Camino de Santiago,ESP,Q123584398,Way of St James in Saxony,Pilgrimage route in Germany,,1,Q337912,search,no,far
G125,Camino de Santiago,ESP,Q106561609,Way of Saint James in La Rioja,,,1,Q337912,search,no,far
G125,Camino de Santiago,ESP,Q125230931,Camino de Santiago,written work by Jesús García Marín,,0,Q47461344,search,yes,far
G125,Camino de Santiago,ESP,Q138028744,Walking the Camino de Santiago: Camino Frances,guidebook by Sandy Brown,,0,Q57933693,search,no,far
G125,Camino de Santiago,ESP,Q106612345,French way in Navarre,"part of the French Way, after Puente la Reina",,0,Q337912,search,no,far
G125,Camino de Santiago,ESP,Q54943254,Routes of Santiago de Compostela: Routes in Portugal,sections of the Way of St. James in Portugal part of the Tentative World Heritage site in Portugal,,0,Q358|Q67179750,search,no,far
G126,Santiago de Compostela,ESP,Q14314,Santiago de Compostela,"municipality of Galicia, Spain",0.99,150,Q2276925,search,yes,ambiguous
G126,Santiago de Compostela,ESP,Q8841900,Santiago de Compostela railway station,"railway station in Santiago de Compostela, Spain",1.14,13,Q55488,search,no,ambiguous
G126,Santiago de Compostela,ESP,Q14246267,Santiago de Compostela derailment,24 July 2013 train derailment that killed 79 people,2.78,41,Q1078765|Q1331380,search,no,ambiguous
G126,Santiago de Compostela,ESP,Q12386144,old town of Santiago de Compostela,World Heritage site in Spain,0.04,4,Q676050,whs,no,near
G126,Santiago de Compostela,ESP,Q23992507,Santiago de Compostela,city in Spain,0.08,2,Q515|Q121289819|Q3055118,search,yes,near
G126,Santiago de Compostela,ESP,Q117040,Santiago de Cuba,"city and capital of the province of Santiago de Cuba, Cuba",6680.23,89,Q515|Q558330|Q1549591,search,no,far
G126,Santiago de Compostela,ESP,Q2887,Santiago,capital city of Chile,10574.54,274,Q25412763|Q1549591|Q51929311|Q208511,search,yes,far
G126,Santiago de Compostela,ESP,Q188002,Santiago,commune of Chile,10576.6,24,Q1840161|Q2983893,search,yes,far
G126,Santiago de Compostela,ESP,Q50180,Santiago,city of the Philippines in the province of Isabela,11661.68,31,Q106079704|Q1549591,search,yes,far
G126,Santiago de Compostela,ESP,Q13422956,Santiago,male given name,,7,Q12308941,search,yes,far
G126,Santiago de Compostela,ESP,Q16882643,Santiago,family name,,4,Q101352|Q17143070,search,yes,far
G126,Santiago de Compostela,ESP,Q125245636,Santiago de Compostela,2012 edition of written work by Jesús García Marín,,0,Q3331189,search,yes,far
G126,Santiago de Compostela,ESP,Q125735544,Santiago de Compostela,2010 edition of written work by Miguel-Anxo Murado,,0,Q3331189,search,yes,far
G126,Santiago de Compostela,ESP,Q126133740,Santiago de Compostela,1988 edition of written work by Carlos Casares,,0,Q3331189,search,yes,far
G127,Toledo,ESP,Q5836,Toledo,municipality in central Spain,0.68,129,Q2074737,search,yes,unique
G127,Toledo,ESP,Q17255635,Historic City of Toledo,"World Heritage Site in Toledo, Spain",0.71,4,Q676050|Q3317612|Q702492,whs,yes,near
G127,Toledo,ESP,Q49239,Toledo,"city in and county seat of Lucas County, Ohio, United States",6445.72,93,Q1549591|Q62049|Q108569710,search,yes,far
G127,Toledo,ESP,Q1525656,Toledo,Colombian municipality of the department of Norte de Santander,7653.59,21,Q2555896,search,yes,far
G127,Toledo,ESP,Q1776774,Toledo,"municipality of Paraná state, Brazil",8835.91,30,Q3184121|Q1549591,search,yes,far
G127,Toledo,ESP,Q316527,Toledo,city of the Philippines in the province of Cebu,12258.11,28,Q106078286|Q1549591,search,yes,far
G127,Toledo,ESP,Q16884761,Toledo,family name,,5,Q101352|Q17143070,search,yes,far
G127,Toledo,ESP,Q88185449,Toledo,electoral district of the Second Spanish Republic,,0,Q32984849,search,yes,far
G128,Teide National Park,ESP,Q38954,Teide,volcano on Tenerife in the Canary Islands,0.17,105,Q8072|Q2319498|Q1330974,search,yes,ambiguous
G128,Teide National Park,ESP,Q715124,Teide National Park,"National Park in Tenerife, Spain",0.5,61,Q473972|Q1316973|Q46169|Q15069452,whs,yes,ambiguous
G128,Teide National Park,ESP,Q40846,Tenerife,One of the main islands of the Canary archipelago,3.59,131,Q1161185|Q56061|Q1200957,search,yes,ambiguous
G128,Teide National Park,ESP,Q2013047,Teide Observatory,Spanish astronomical observatory,13.32,15,Q1254933,search,no,ambiguous
G128,Teide National Park,ESP,Q48851521,Tenerife,Spanish political constituency,4.16,3,Q192611,search,yes,near
G128,Teide National Park,ESP,Q21483926,Tenerife,Senate constituency in Spain,4.16,3,Q192611,search,yes,near
G128,Teide National Park,ESP,Q1525827,Tenerife,Colombian municipality in the department of Magdalena,6385.44,24,Q2555896,search,yes,far
G128,Teide National Park,ESP,Q484148,Teide 1,brown dwarf in the constellation Taurus,,18,Q67206691|Q67206785|Q44559|Q12795622,search,no,far
G128,Teide National Park,ESP,Q185464,Tenerife Tram,"tram service located in Tenerife, Canary Islands, Spain",,14,Q12162186|Q1780371,search,no,far
G128,Teide National Park,ESP,Q19897919,Teide 2390,album by Nosound,,3,Q482994,search,no,far
G128,Teide National Park,ESP,Q6140268,,,,2,Q1683601,search,no,far
G128,Teide National Park,ESP,Q52349995,IMO 9216846,container ship built in 2002,,1,Q353699,search,no,far
G128,Teide National Park,ESP,Q47295527,Teide,family name,,0,Q101352,search,yes,far
G128,Teide National Park,ESP,Q29429760,Tenerife,2005 documentary directed by Chantal Hébert and Phil Comeau,,0,Q506240,search,yes,far
G129,Palma de Mallorca,ESP,Q8826,Palma,"city in Mallorca and capital of the Balearic Islands, Spain",0.37,119,Q515|Q2074737|Q20105287,search,yes,ambiguous
G129,Palma de Mallorca,ESP,Q1130284,Palma Metro,"light metro system in Palma, Majorca, Spain",0.82,29,Q5503,search,no,ambiguous
G129,Palma de Mallorca,ESP,Q656993,Palma de Mallorca Airport,"international airport in Palma, Spain",7.88,44,Q644371|Q1248784|Q94993988,search,no,ambiguous
G129,Palma de Mallorca,ESP,Q59154722,town hall of Palma,"municipal building in Palma de Mallorca, Spain",0.07,1,Q112793351|Q4989906,search,no,near
G129,Palma de Mallorca,ESP,Q53302,Palmanova,"Italian town and comune in northeastern Italy, in the Province Udine",1118.31,67,Q747074,search,no,far
G129,Palma de Mallorca,ESP,Q9342,Palma Vecchio,Italian painter (c.1480–1528),,35,Q5,search,no,far
G129,Palma de Mallorca,ESP,Q651795,Palma il Giovane,Venetian painter (1548/50-1628),,25,Q5,search,no,far
G129,Palma de Mallorca,ESP,Q6174014,Palma de Mallorca metropolitan area,Metropolitan area in Spain,,3,,search,no,far
G129,Palma de Mallorca,ESP,Q1242177,Palma,female given name,,3,Q11879590,search,yes,far
G129,Palma de Mallorca,ESP,Q28226349,timeline of Palma de Mallorca,history of Palma,,2,Q18340550,search,no,far
G129,Palma de Mallorca,ESP,Q16290907,Palma,family name,,1,Q101352,search,yes,far
G129,Palma de Mallorca,ESP,Q114647629,Palma de Mallorca,painting by Humberto Causa,,0,Q3305213,search,yes,far
G129,Palma de Mallorca,ESP,Q103960850,Palma de Mallorca,encyclopedia article,,0,Q13433827,search,yes,far
G129,Palma de Mallorca,ESP,Q51477390,Palma,genus of plants,,0,Q16521,search,yes,far
G130,Picos de Europa,ESP,Q48567,Picos de Europa National Park,"UNESCO Biosphere Reserve and National Park in the Picos de Europa mountain range, in northern Spain. It is shared by the autonomous communities of Asturias, Cantabria and Castile and León",1.38,35,Q1316973|Q46169|Q158454|Q473972,search,yes,ambiguous
G130,Picos de Europa,ESP,Q2636482,Naranjo de Bulnes  / Picu Urriellu,"mountain in Asturias, Spain",2.7,15,Q8502,search,no,ambiguous
G130,Picos de Europa,ESP,Q1141172,Picos de Europa,mountain range,4.01,31,Q46831,search,yes,ambiguous
G130,Picos de Europa,ESP,Q54833387,Picos de Europa Biosphere Reserve,Biosphere Reserve in Spain,4.67,0,Q158454,search,no,near
G130,Picos de Europa,ESP,Q106010005,3 Man Island,English electronic music band,,1,Q215380,search,no,far
G130,Picos de Europa,ESP,Q60049401,,painting by Carlos de Haes (El Prado P007509),,0,Q3305213,search,no,far
G130,Picos de Europa,ESP,Q60049075,,painting by Carlos de Haes (El Prado P006377),,0,Q3305213,search,no,far
G130,Picos de Europa,ESP,Q60048987,,painting by Carlos de Haes (El Prado P004391),,0,Q3305213,search,no,far
G130,Picos de Europa,ESP,Q126680437,"Naranjo de Bulnes. Cuentos, mitos y leyendas: aventuras del barón de Cotopaxi",written work by César Pérez de Tudela,,0,Q47461344,search,no,far
G130,Picos de Europa,ESP,Q126680448,"Naranjo de Bulnes. Cuentos, mitos y leyendas: aventuras del barón de Cotopaxi",2013 edition of written work by César Pérez de Tudela,,0,Q3331189,search,no,far
G131,Ordesa and Monte Perdido,ESP,Q2746878,Ordesa Valley,"valley in Sobrarbe, Spain",2.3,13,Q39816,search,no,ambiguous
G131,Ordesa and Monte Perdido,ESP,Q741610,Ordesa y Monte Perdido National Park,"national park in Aragón, Spain",7.4,38,Q46169|Q796174|Q473972|Q1316973,search,yes,ambiguous
G131,Ordesa and Monte Perdido,ESP,Q22771816,Ordesa-Viñamala Biosphere Reserve,Biosphere reserve in Spain | designated in 1977 (Extended in 2013),9.27,1,Q158454,search,no,near
G131,Ordesa and Monte Perdido,ESP,Q37864,Ordesa Cascada,waterfall,,6,Q34038|Q35509,search,no,far
G131,Ordesa and Monte Perdido,ESP,Q75841461,Ordesa,autobiographical work by Manuel Vilas,,2,Q7725634,search,yes,far
G131,Ordesa and Monte Perdido,ESP,Q7573274,Spanish Pyrenees,,,2,,search,yes,far
G131,Ordesa and Monte Perdido,ESP,Q106073300,Ordesa,2020 video game,,1,Q7889,search,yes,far
G131,Ordesa and Monte Perdido,ESP,Q30269056,Ordesa,"company in Barcelona, Spain",,0,Q4830453,search,yes,far
G132,San Sebastian,ESP,Q10313,San Sebastián,"municipality in Basque Country, Spain",0.24,115,Q2074737,search,yes,ambiguous
G132,San Sebastian,ESP,Q3394097,Donostia/San Sebastián train station,Main train station and hub in Donostia - San Sebastián,0.35,12,Q55488,search,no,ambiguous
G132,San Sebastian,ESP,Q2651835,Donostia-San Sebastián City Council,local government body,0.55,6,Q22996476|Q3154693|Q2085381,search,no,near
G132,San Sebastian,ESP,Q2750460,Donostia-San Sebastián International Peace Conference,,1.65,8,Q7157512,search,no,near
G132,San Sebastian,ESP,Q5390431,Faculty of Informatics of San Sebastian,The Faculty of Informatics of San Sebastian is part of the University of the Basque Country,2.69,3,Q180958,search,no,near
G132,San Sebastian,ESP,Q24013530,Donostia-San Sebastián,"capital city of the homonymous municipality of Comarca de San Sebastián, Spain",2.97,1,Q121289819|Q1549591,search,yes,near
G132,San Sebastian,ESP,Q1432736,San Sebastián Airport,airport,15.98,32,Q1248784|Q94993988,search,no,far
G132,San Sebastian,ESP,Q5962975,La Concha,human settlement in Spain,139.8,1,Q3055118,search,yes,far
G132,San Sebastian,ESP,Q9018435,,"human settlement in Villaescusa, Cantabria, Spain",151.46,3,Q3257686|Q3055118,search,no,far
G132,San Sebastian,ESP,Q2167734,San Sebastián,"municipality in Comayagua Department, Honduras",8579.9,13,Q2602693,search,yes,far
G132,San Sebastian,ESP,Q538269,La Concepción,"municipality in Masaya Department, Nicaragua",8635.34,12,Q318727,search,no,far
G132,San Sebastian,ESP,Q31811690,La Concepción,"urban settlement and municipal seat in Masaya Department, Nicaragua",8635.34,1,Q3957,search,no,far
G132,San Sebastian,ESP,Q2434304,San Sebastián,Colombian municipality of the department of Cauca,8641.27,22,Q2555896,search,yes,far
G132,San Sebastian,ESP,Q3947953,San Sebastián,"municipality in Lempira Department, Honduras",8655.74,11,Q2602693,search,yes,far
G132,San Sebastian,ESP,Q61261592,,,8911.12,3,Q20202352,search,no,far
G132,San Sebastian,ESP,Q26763098,La Concha,"town in Torreón Municipality, State of Coahuila, Mexico",8937.69,4,Q20202352,search,yes,far
G132,San Sebastian,ESP,Q20214243,La Concha,human settlement in Mexico,8985.64,6,Q486972,search,yes,far
G132,San Sebastian,ESP,Q61262240,San Sebastián,"town in Los Reyes Municipality, State of Michoacán, Mexico",9338.06,4,Q20202352,search,yes,far
G132,San Sebastian,ESP,Q816435,San Sebastian,municipality of the Philippines in the province of Samar,11879.5,20,Q24764,search,yes,far
G132,San Sebastian,ESP,Q10315,Real Sociedad,"association football club in San Sebastián, Spain",,80,Q476028,search,no,far
G132,San Sebastian,ESP,Q54924,Gipuzkoa Basket,basketball team,,20,Q13393265,search,no,far
G132,San Sebastian,ESP,Q101478196,2021 Clásica de San Sebastián,cycling race,,16,Q740787,search,no,far
G132,San Sebastian,ESP,Q908858,Donostia Award,award,,13,Q4220917,search,no,far
G132,San Sebastian,ESP,Q65956705,Donostia San Sebastian Klasikoa Women 2021,cycling race,,8,Q60882083,search,no,far
G132,San Sebastian,ESP,Q60882083,Donostia San Sebastian Klasikoa,Spanish road race,,7,Q2912397,search,no,far
G132,San Sebastian,ESP,Q12256350,Donostia/San Sebastian 2016,series of cultural events in Donostia/San Sebastian held in 2016,,4,Q15900616,search,no,far
G133,Valencia,ESP,Q8818,Valencia,"capital city of the Valencian Community, Spain",0.03,169,Q2074737|Q123754112,search,yes,unique
G133,Valencia,ESP,Q26251945,Valencia City Council,"governing body for Valencia, Spain",0.09,5,Q22996476,search,no,near
G133,Valencia,ESP,Q24017120,City of Valencia,"city in Spain, capital of the Valencian Community",2.4,1,Q1549591|Q11271835|Q121289819,search,no,near
G133,Valencia,ESP,Q30601109,Valencia,constituency of the Corts Valencianes,42.13,2,Q86915740,search,yes,far
G133,Valencia,ESP,Q7026,Catalan,Western Romance language,302.18,217,Q34770|Q1288568|Q1322198,search,no,far
G133,Valencia,ESP,Q406046,Valencia,municipality of the Philippines in the province of Bohol,12122.56,24,Q24764,search,yes,far
G133,Valencia,ESP,Q2158,Valencia,city of the Philippines in the province of Bukidnon,12328.3,31,Q106078286|Q1549591,search,yes,far
G133,Valencia,ESP,Q136626,Valencia,genus of fishes,,17,Q16521,search,yes,far
G133,Valencia,ESP,Q24912207,2011 Valencia City Council election,"municipal election in Valencia, Spain",,4,Q152450,search,no,far
G133,Valencia,ESP,Q48843667,1991 Valencia City Council election,election in the Spanish municipality of Valencia,,4,Q152450,search,no,far
G133,Valencia,ESP,Q4887563,Valencia City Council elections,Wikimedia list article,,3,Q13406463,search,no,far
G133,Valencia,ESP,Q30440696,Valencia,family name,,2,Q101352|Q17143070,search,yes,far
G133,Valencia,ESP,Q36306969,Valencia city councilor,,,0,Q4164871|Q17279032,search,no,far
G134,Cordoba,ESP,Q33200,Mosque-Cathedral of Cordoba,"cathedral (former mosque) in Cordoba, Spain",0.03,61,Q1454820|Q56242215,search,yes,ambiguous
G134,Cordoba,ESP,Q10749904,historic centre of Córdoba,"World Heritage Site in Córdoba, Spain",0.07,26,Q15243209,whs,no,ambiguous
G134,Cordoba,ESP,Q5818,Córdoba,"municipality in the province of Córdoba, Spain",1.23,140,Q2074737,search,yes,ambiguous
G134,Cordoba,ESP,Q81972,Córdoba Province,province in Spain,14.27,88,Q162620,search,no,far
G134,Cordoba,ESP,Q1650810,Mezquita de Jarque,municipality of Spain,461.59,39,Q61763947,search,no,far
G134,Cordoba,ESP,Q24015084,Mezquita de Jarque,"capital of Mezquita de Jarque Municipality, Spain",461.62,2,Q486972|Q121289819,search,no,far
G134,Cordoba,ESP,Q234912,Córdoba Department,department of Colombia,7766.17,69,Q215655,search,no,far
G134,Cordoba,ESP,Q989492,Córdoba,"municipal seat of Córdoba, State of Veracruz, Mexico",8914.45,41,Q515|Q1549591|Q20202352,search,yes,far
G134,Cordoba,ESP,Q1183101,Mezquital Municipality,"municipality in the State of Durango, Mexico",9261.72,19,Q1952852,search,no,far
G134,Cordoba,ESP,Q5796926,Córdoba,Metro station in Buenos Aires,9773.77,7,Q928830|Q55491,search,yes,far
G134,Cordoba,ESP,Q44210,Córdoba,"city in Argentina, capital of its province",9862.32,108,Q5770918,search,yes,far
G134,Cordoba,ESP,Q44759,Córdoba Province,province of Argentina,9898.17,90,Q44753,search,no,far
G134,Cordoba,ESP,Q32815,mosque,place of worship for followers of Islam,,182,Q811102,search,no,far
G134,Cordoba,ESP,Q6826693,Mezquita,Spanish rock music band,,3,Q215380,search,yes,far
G134,Cordoba,ESP,Q37539144,Mezquita,family name,,1,Q101352,search,yes,far
G134,Cordoba,ESP,Q97602343,Mezquita,,,0,Q32815|Q839954,search,yes,far
G135,Donana National Park,ESP,Q463141,Doñana National Park,"national park in Andalusia, Spain",10.85,52,Q1316973|Q796174|Q1191622|Q2463705,whs,yes,unique
G135,Donana National Park,ESP,Q23987268,Doñana National Park,,9.36,1,Q22698,search,yes,near
G135,Donana National Park,ESP,Q28119598,Doñana,beach in Spain,11.59,0,Q28060956,search,yes,near
G135,Donana National Park,ESP,Q16564192,Doñana Biological Station,,,3,Q31855|Q16519632,search,no,far
G135,Donana National Park,ESP,Q108060265,Doñana ES0000024,protected area in Spain,,1,Q473972|Q107992622|Q15069452,search,no,far
G135,Donana National Park,ESP,Q60342473,Doñana National Park (south-west Spain): geomorphological characterization through a soil-vegetation study,article,,0,Q13442814,search,no,far
G135,Donana National Park,ESP,Q53582984,Doñana National Park survey using crayfish (Procambarus clarkii) as bioindicator: esterase inhibition and pollutant levels,scientific article published on 16 November 2006,,0,Q13442814,search,no,far
G135,Donana National Park,ESP,Q108060257,Doñana,protected area in Spain,,0,Q473972|Q16149276,search,yes,far
G135,Donana National Park,ESP,Q135527274,Don Baridam,university professor,,0,Q5,search,no,far
G136,Timanfaya National Park,ESP,Q1480521,Timanfaya National Park,"national park in the Canary Islands, Spain",3.16,34,Q46169|Q473972|Q1316973|Q15069452,search,yes,ambiguous
G136,Timanfaya National Park,ESP,Q182432,Lanzarote,"one of the main islands of the Canary Islands, Spain",11.84,81,Q23442,search,yes,ambiguous
G136,Timanfaya National Park,ESP,Q647543,Arrecife,"municipality in the Canary Islands, Spain",19.84,62,Q2074737|Q515,search,no,ambiguous
G136,Timanfaya National Park,ESP,Q100706043,Montañas del Fuego,,0.33,3,Q23790,search,yes,near
G136,Timanfaya National Park,ESP,Q24024917,Montañas del Fuego,"national nature monument, National Park Timanfaya, Lanzarote, Spain",0.41,1,Q22698|Q23790,search,yes,near
G136,Timanfaya National Park,ESP,Q23985941,Montañas del Fuego,mountain in Spain,2.93,1,Q46831,search,yes,near
G136,Timanfaya National Park,ESP,Q963387,Lanzarote,"is a Spanish Denominación de Origen Protegida (DOP) for wines that covers the entire island of Lanzarote, in the Canary Islands, Spain.",10.19,6,,search,yes,near
G136,Timanfaya National Park,ESP,Q21480776,Lanzarote,Senate constituency in Spain,13.48,3,Q192611,search,yes,near
G136,Timanfaya National Park,ESP,Q48851515,Lanzarote,electoral district in Spain,13.48,2,Q192611,search,yes,near
G136,Timanfaya National Park,ESP,Q1164591,Lanzarote,novella by Michel Houellebecq,,7,Q7725634,search,yes,far
G136,Timanfaya National Park,ESP,Q28844973,,Wikimedia disambiguation page,,1,Q4167410,search,no,far
G136,Timanfaya National Park,ESP,Q99899529,Lanzarote,family name,,1,Q101352,search,yes,far
G137,Malaga,ESP,Q8851,Málaga,"municipality and capital of the province of Málaga, in Spain",0.62,148,Q2074737|Q515,search,yes,ambiguous
G137,Malaga,ESP,Q95028,Málaga Province,province of Spain,0.62,85,Q162620,search,no,ambiguous
G137,Malaga,ESP,Q2997038,Costa del Sol Occidental,"comarca in Málaga Province, Andalusia, Spain",46.76,11,Q3141478,search,no,far
G137,Malaga,ESP,Q215254,Costa del Sol,"coastal area in Andalusia, Spain",47.08,54,Q93352|Q3744088|Q1200957,search,yes,far
G137,Malaga,ESP,Q18984481,Costa del Sol,"street in Haarlem, the Netherlands",1878.03,0,Q79007,search,yes,far
G137,Malaga,ESP,Q7930,Malagasy,language spoken in Madagascar,8213.11,117,Q33742|Q152559|Q1288568,search,no,far
G137,Malaga,ESP,Q1019,Madagascar,"island sovereign state off the coast of Southeast Africa, in the Indian Ocean",8297.5,321,Q3624078|Q112099|Q179164|Q6256,search,no,far
G137,Malaga,ESP,Q112021775,Costa Del Sol,"hotel in Puerto Ayora, Ecuador",9691.21,0,Q27686,search,yes,far
G137,Malaga,ESP,Q106036174,COSTA DEL SOL,"archaeological site in Cordoba Province, Argentina",9879.63,0,Q839954,search,yes,far
G137,Malaga,ESP,Q100278969,Málaga,family name,,1,Q101352,search,yes,far
G137,Malaga,ESP,Q37572973,Malaga,family name,,0,Q101352,search,yes,far
G137,Malaga,ESP,Q27716128,Málaga,academic journal,,0,Q5633421,search,yes,far
G137,Malaga,ESP,Q19888802,Costa del Sol,painting by Eric Fischl,,0,Q3305213,search,yes,far
G137,Malaga,ESP,Q126414499,Costa del Sol,written work by José Carlos García Rodríguez,,0,Q47461344,search,yes,far
G138,Sierra Nevada,ESP,Q26955,Sierra Nevada,mountain range in southern Spain,1.25,63,Q46831|Q1437459,search,yes,ambiguous
G138,Sierra Nevada,ESP,Q209528,Mulhacén,highest mountain of the Sierra Nevada in Spain,1.25,52,Q8502|Q111177881|Q1258187,search,yes,ambiguous
G138,Sierra Nevada,ESP,Q1969050,Sierra Nevada National and Natural Park,national park of Spain,19.15,27,Q1316973|Q15069452|Q46169,search,no,ambiguous
G138,Sierra Nevada,ESP,Q115506850,Mulhacén I,"triangulation station in Capileira, Spain",1.26,0,Q131862,search,no,near
G138,Sierra Nevada,ESP,Q115506851,Mulhacén II,"triangulation station in Capileira, Spain",2.05,1,Q131862,search,no,near
G138,Sierra Nevada,ESP,Q41710442,Sierra Nevada Station,Granada metro Station,29.37,3,Q2175765,search,no,near
G138,Sierra Nevada,ESP,Q1651329,Sierra Nevada National Park,national park in Venezuela,7434.23,12,Q46169,search,yes,far
G138,Sierra Nevada,ESP,Q31552633,Sierra Nevada,mountains in Venezuela,7460.65,19,Q46831,search,yes,far
G138,Sierra Nevada,ESP,Q26777,Sierra Nevada,mountain range in California and Nevada in the United States,9436.96,81,Q46831,search,yes,far
G138,Sierra Nevada,ESP,Q335624,"Abu al-Hasan Ali, Sultan of Granada",21st Nasrid ruler of Granada,,21,Q5,search,no,far
G138,Sierra Nevada,ESP,Q3483455,Sierra Nevada Corporation,American electronic systems provider and systems integrator,,18,Q4830453,search,no,far
G138,Sierra Nevada,ESP,Q5686035,196640 Mulhacén,asteroid,,7,Q3863,search,no,far
G138,Sierra Nevada,ESP,Q7511525,Sierra Nevada National Park,Wikimedia disambiguation page,,5,Q4167410,search,yes,far
G138,Sierra Nevada,ESP,Q1378253,Derbi Mulhacén,Motorcycle produced by Derbi,,3,Q23866334,search,no,far
G138,Sierra Nevada,ESP,Q61729148,,article in Otto's encyclopedia,,1,Q13433827,search,no,far
G138,Sierra Nevada,ESP,Q113015507,,Wikimedia disambiguation page,,1,Q4167410,search,no,far
G139,Bilbao,ESP,Q8692,Bilbao,municipality and city in Spain,0.01,149,Q2074737,search,yes,unique
G139,Bilbao,ESP,Q2479784,Bilbao,Madrid Metro station,321.45,15,Q928830|Q22808403,search,yes,far
G139,Bilbao,ESP,Q16426672,Bilbor,"commune in Harghita County, Romania",2253.6,22,Q659103,search,no,far
G139,Bilbao,ESP,Q723433,Bilbao,archaeological site,8768.0,5,Q839954,search,yes,far
G139,Bilbao,ESP,Q5728537,Bilbao,human settlement in Mexico,8851.38,4,Q20202352,search,yes,far
G139,Bilbao,ESP,Q185737,Bilbo Baggins,fictional character from J.R.R. Tolkien's legendarium,,61,Q74359|Q3658341|Q15773347,search,no,far
G139,Bilbao,ESP,Q956323,2991 Bilbo,asteroid,,34,Q3863,search,no,far
G139,Bilbao,ESP,Q3821730,Bilbao,1978 film by Bigas Luna,,6,Q11424,search,yes,far
G139,Bilbao,ESP,Q16833411,Bilbao,family name,,2,Q101352|Q3342913,search,yes,far
G139,Bilbao,ESP,Q90106017,Staci Bilbo,American neuroimmunologist,,2,Q5,search,no,far
G139,Bilbao,ESP,Q23856320,Bilbao,article in Otto's encyclopedia,,1,Q13433827,search,yes,far
G139,Bilbao,ESP,Q37166526,Bilbo,family name,,1,Q101352,search,yes,far
G139,Bilbao,ESP,Q10429534,Bilboque,genus of fungi,,1,Q16521,search,no,far
G140,Cadiz,ESP,Q15682,Cádiz,"municipality and capital city of the province of Cádiz, Spain",1.17,114,Q2074737,search,yes,unique
G140,Cadiz,ESP,Q81978,Cádiz Province,province of Spain,48.26,88,Q162620,search,no,far
G140,Cadiz,ESP,Q2887470,Cádiz,voting district in Spain,48.26,3,Q20220333,search,yes,far
G140,Cadiz,ESP,Q1925015,Cadiz,"county seat of Harrison County, Ohio, United States",6324.3,35,Q62049|Q108569739,search,yes,far
G140,Cadiz,ESP,Q1020688,Cadiz,city of the Philippines in the province of Negros Occidental,12558.02,28,Q106078286|Q1549591,search,yes,far
G140,Cadiz,ESP,Q10743774,Cadiz,genus of leaf beetles,,4,Q310890,search,yes,far
G140,Cadiz,ESP,Q37487479,Cadiz,family name,,1,Q101352,search,yes,far
G141,Ibiza Dalt Vila,ESP,Q473914,Ibiza,"municipality and capital of Ibiza, Balearic Islands, Spain",0.35,68,Q3957|Q2074737|Q515,search,yes,unique
G141,Ibiza Dalt Vila,ESP,Q126819107,Ibiza town hall,"municipal building in Ibiza, Spain",0.17,0,Q112793351,search,no,near
G141,Ibiza Dalt Vila,ESP,Q31917011,Ibiza,"capital of Ibiza Municipality, Spain",1.15,1,Q3055118|Q121289819,search,yes,near
G141,Ibiza Dalt Vila,ESP,Q52631,Ibiza,"island in the Balearic Islands, Spain",8.13,104,Q23442|Q20105287,whs,yes,far
G141,Ibiza Dalt Vila,ESP,Q58214093,Eivissa-Formentera,constituency in the Spanish Senate,248.28,4,Q58137389,search,no,far
G141,Ibiza Dalt Vila,ESP,Q3597845,189848 Eivissa,asteroid,,7,Q3863,search,no,far
G141,Ibiza Dalt Vila,ESP,Q11681311,Eivissa pel Canvi,political party in Spain,,3,Q7210356,search,no,far
G141,Ibiza Dalt Vila,ESP,Q118832209,Eivissa,,,0,Q838948,search,yes,far
G142,Pamplona,ESP,Q10282,Pamplona,"municipality in Spain, capital of Navarre and main municipality of the historical Kingdom of Navarre",0.66,111,Q2074737,search,yes,ambiguous
G142,Pamplona,ESP,Q3394058,Pamplona train station,"train station in the region of Navarra, Spain",1.97,11,Q55488,search,no,ambiguous
G142,Pamplona,ESP,Q2899365,Iruña/Pamplona historic district,"human settlement in Pamplona, Cuenca de Pamplona, Navarre, Spain",0.68,6,Q123705|Q3317612,search,no,near
G142,Pamplona,ESP,Q200201,Irun,"municipality of Basque Country, Spain",59.62,71,Q2074737,search,no,far
G142,Pamplona,ESP,Q95618876,Iruña,river in the Basque Country,84.55,0,Q4022,search,yes,far
G142,Pamplona,ESP,Q1382293,Iruña de Oca/Iruña Oka,municipality of Spain,95.25,46,Q2074737,search,no,far
G142,Pamplona,ESP,Q49324,Pamplona,municipality of the Philippines in the province of Cagayan,11054.46,23,Q24764,search,yes,far
G142,Pamplona,ESP,Q208886,Pamplona,municipality of the Philippines in the province of Camarines Sur,11594.33,26,Q24764,search,yes,far
G142,Pamplona,ESP,Q195040,Pamplona,municipality of the Philippines in the province of Negros Oriental,11954.06,24,Q24764,search,yes,far
G142,Pamplona,ESP,Q3446210,Kingdom of Pamplona,former country in Europe,,13,Q3024240|Q1250464|Q417175,search,no,far
G142,Pamplona,ESP,Q10615730,Pamplona,genus of insects,,4,Q16521,search,yes,far
G142,Pamplona,ESP,Q37528329,Pamplona,family name,,1,Q101352,search,yes,far
G142,Pamplona,ESP,Q12259803,Iruña,,,1,Q2031121,search,yes,far
G143,Paris,FRA,Q90,Paris,capital and most populous city in France,0.04,366,Q484170|Q22923920|Q200250|Q1200957,search,yes,ambiguous
G143,Paris,FRA,Q2233532,banks of the Seine,"World Heritage Site in Paris, France",0.93,15,Q2897058|Q210272|Q702492,whs,no,ambiguous
G143,Paris,FRA,Q3181341,Paris,"county seat of Bourbon County, Kentucky, United States",6698.57,43,Q1093829|Q62049,search,yes,far
G143,Paris,FRA,Q830149,Paris,"city in and county seat of Lamar County, Texas, United States",7782.69,60,Q1093829|Q62049,search,yes,far
G143,Paris,FRA,Q483020,Paris Saint-Germain FC,"association football club in Paris, France having two UCL",,103,Q476028,search,no,far
G143,Paris,FRA,Q162121,Paris,genus of plants,,45,Q16521,search,yes,far
G143,Paris,FRA,Q1158980,Paris,unisex given name,,9,Q3409032,search,yes,far
G143,Paris,FRA,Q18331346,Paris,family name,,2,Q101352|Q17143070,search,yes,far
G144,Mont-Saint-Michel,FRA,Q651388,Mont-Saint-Michel Abbey,abbey in France,0.03,21,Q44613,search,no,ambiguous
G144,Mont-Saint-Michel,FRA,Q20883,Mount Saint-Michel,"tidal island in Manche, Normandy, France",0.03,13,Q555937,search,no,ambiguous
G144,Mont-Saint-Michel,FRA,Q20892,Le Mont Saint-Michel,French commune in the Manche department,0.06,97,Q484170|Q64953083,search,no,ambiguous
G144,Mont-Saint-Michel,FRA,Q17117964,Mont-Saint-Michel and its Bay,World Heritage site in France,0.06,2,Q18013783,whs,yes,near
G144,Mont-Saint-Michel,FRA,Q64831173,Mont-Saint-Michel and its Bay,part of a World Heritage site in France,0.06,0,Q82794,search,yes,near
G144,Mont-Saint-Michel,FRA,Q3321621,Mont-Saint-Michel,"municipality in Quebec, Canada",5303.77,13,Q27676428,search,yes,far
G144,Mont-Saint-Michel,FRA,Q113068317,Mont-Saint-Michel,"post office in Mont-Saint-Michel, Quebec, Canada",5304.34,0,Q35054,search,yes,far
G144,Mont-Saint-Michel,FRA,Q105423248,Mont Saint-Michel,painting by Eugène Isabey,,0,Q3305213,search,yes,far
G144,Mont-Saint-Michel,FRA,Q20202562,Mont-Saint-Michel,painting by William Stanley Haseltine,,0,Q3305213,search,yes,far
G145,Lyon,FRA,Q456,Lyon,city of France,0.4,197,Q484170|Q22927616|Q1549591|Q1187811,search,yes,ambiguous
G145,Lyon,FRA,Q8399,Vieux Lyon,"renaissance district of Lyon, France",0.63,19,Q123705|Q702492|Q676050,whs,no,ambiguous
G145,Lyon,FRA,Q208151,León,"colonial city and capital of León Department, Nicaragua",9151.97,66,Q1549591|Q318727,search,no,far
G145,Lyon,FRA,Q704,Olympique Lyonnais,"association football club in Lyon, France",,81,Q476028|Q103229495,search,no,far
G145,Lyon,FRA,Q6709611,Lyon-Meudon Extragalactic Database,astronomical catalogue,,13,Q8513|Q605175,search,no,far
G145,Lyon,FRA,Q16931637,Lyons,family name,,4,Q101352,search,no,far
G145,Lyon,FRA,Q30102635,Lyon,family name,,3,Q101352,search,yes,far
G145,Lyon,FRA,Q131531231,Historic Site of Lyon,,,1,,whs,yes,far
G145,Lyon,FRA,Q27597451,Lyon,badminton player,,0,Q5,search,yes,far
G146,Marseille,FRA,Q23482,Marseille,French commune,0.52,192,Q484170,search,yes,unique
G146,Marseille,FRA,Q971261,Marseille-en-Beauvaisis,"commune in Oise, France",745.46,39,Q484170,search,no,far
G146,Marseille,FRA,Q132885,Olympique de Marseille,"association football club in Marseille, France",,85,Q476028,search,no,far
G146,Marseille,FRA,Q18215247,Marseille,French drama web television series,,18,Q5398426,search,yes,far
G146,Marseille,FRA,Q135264423,Marseille,Tony Hawk's Pro Skater 2 level,,0,Q1046315,search,yes,far
G146,Marseille,FRA,Q110955556,Marseille road network,,,0,Q358078,search,no,far
G146,Marseille,FRA,Q27711946,Marseille medical,journal,,0,Q5633421,search,no,far
G147,Loire Valley,FRA,Q13947,Centre-Val de Loire,French administrative region,58.4,128,Q36784,search,no,unique
G147,Loire Valley,FRA,Q30281568,Centre de Tours,"facility in Nouzilly, France",21.3,0,Q13226383,search,no,near
G147,Loire Valley,FRA,Q1050483,Loire Valley,French World Heritage Site,72.85,43,Q572995|Q2490191,search,yes,far
G147,Loire Valley,FRA,Q54861241,list of communes of the Loire valley,UNESCO World Heritage site in France. List of communes,72.85,3,Q13406463,search,no,far
G147,Loire Valley,FRA,Q2789507,The Loire Valley between Sully-sur-Loire and Chalonnes,World Heritage site in France,72.85,1,Q1129474,whs,no,far
G147,Loire Valley,FRA,Q50411462,Jean 2 (Montsoreau),"Loire Valley Restaurant, at Chateau de Montsoreau-Museum of contemporary art, Montsoreau",72.86,0,Q11707,search,no,far
G147,Loire Valley,FRA,Q36698440,Château de Montsoreau-Museum of Contemporary Art,museum of Contemporary art in France,72.88,62,Q1329623|Q207694,search,no,far
G147,Loire Valley,FRA,Q3145577,Hôtel Maillard,Loire valley mansions in France.,82.95,2,Q1365179,search,no,far
G147,Loire Valley,FRA,Q30740297,Val de Loire orléanais,region of France,94.25,2,Q82794,search,no,far
G147,Loire Valley,FRA,Q1954580,Loire Valley,wine region in France,,14,Q2140699,search,yes,far
G147,Loire Valley,FRA,Q1742079,MS King Seaways,cruiseferry operated and owned by the Danish shipping company DFDS Seaways,,9,Q3784092,search,no,far
G147,Loire Valley,FRA,Q18745529,Val de Loire,,,2,,search,yes,far
G147,Loire Valley,FRA,Q3512629,Val de Loire TV,,,1,Q2001305,search,no,far
G147,Loire Valley,FRA,Q83727738,Loire Valley,painting by Charles Francois Daubigny,,0,Q3305213,search,yes,far
G148,Chamonix and Mont Blanc,FRA,Q83236,Chamonix-Mont-Blanc,"commune in Haute-Savoie, France",0.2,104,Q484170|Q902814,search,yes,ambiguous
G148,Chamonix and Mont Blanc,FRA,Q9583,1924 Winter Olympics,"1st Winter Olympics, in Chamonix-Mont-Blanc, France",0.49,80,Q137592217|Q14547231,search,no,ambiguous
G148,Chamonix and Mont Blanc,FRA,Q1724864,canton of Chamonix-Mont-Blanc,canton of France,3.11,11,Q184188,search,no,ambiguous
G148,Chamonix and Mont Blanc,FRA,Q583,Mont Blanc,highest mountain in the Alps,10.15,127,Q8502|Q111177881|Q3393392|Q1570358,search,yes,ambiguous
G148,Chamonix and Mont Blanc,FRA,Q2250995,Chamonix-Mont-Blanc railway station,"railway station of SNCF in Chamonix-Mont-Blanc, France",0.38,7,Q55488,search,no,near
G148,Chamonix and Mont Blanc,FRA,Q105069647,Chamonix-Mont-Blanc railway station,"railway station of the Chemin de fer du Montenvers in Chamonix-Mont-Blanc, France",0.51,2,Q55488,search,no,near
G148,Chamonix and Mont Blanc,FRA,Q64142659,Chamonix Mont-Blanc,glacier in France,1.44,0,Q35666,search,no,near
G148,Chamonix and Mont Blanc,FRA,Q2528268,Mont-Blanc,former French department (1792-1814),61.17,10,Q6465|Q192611,search,no,far
G148,Chamonix and Mont Blanc,FRA,Q1026126,Huby-Saint-Leu,"commune in Pas-de-Calais, France",611.45,43,Q484170,search,no,far
G148,Chamonix and Mont Blanc,FRA,Q19350231,Mont Blanc,"street in Amersfoort, the Netherlands",705.84,0,Q79007,search,yes,far
G148,Chamonix and Mont Blanc,FRA,Q3462145,Mont-Blanc,"municipality in Quebec, Canada",5984.68,11,Q27676428,search,no,far
G148,Chamonix and Mont Blanc,FRA,Q899266,Boletaceae,family of fungi,,43,Q16521,search,no,far
G148,Chamonix and Mont Blanc,FRA,Q2496313,Chamonixia,genus of fungi,,14,Q16521,search,no,far
G148,Chamonix and Mont Blanc,FRA,Q7252384,Chamonixia caespitosa,species of fungus,,8,Q16521,search,no,far
G148,Chamonix and Mont Blanc,FRA,Q3224754,Mont-Blanc,74-gun ship of the line of the French Navy launched in 1791,,5,Q892492,search,no,far
G148,Chamonix and Mont Blanc,FRA,Q31280191,Mont Blanc,2001 animated film by Priit Tender,,2,Q202866,search,yes,far
G148,Chamonix and Mont Blanc,FRA,Q119130963,Chamonix and Mont Blanc,"painting by Karl Heffner (1849–1925), Victoria and Albert Museum",,0,Q3305213,search,yes,far
G148,Chamonix and Mont Blanc,FRA,Q18552175,"Chamonix and Mont Blanc, from the Slopes of the Montenvers",painting by Joseph Mallord William Turner,,0,Q18761202,search,no,far
G148,Chamonix and Mont Blanc,FRA,Q2948530,Chamonixia pachydermis,species of fungus,,0,Q16521,search,no,far
G148,Chamonix and Mont Blanc,FRA,Q20635202,Chamonix,painting by Joan Mitchell,,0,Q3305213,search,yes,far
G148,Chamonix and Mont Blanc,FRA,Q113291325,flag of Chamonix-Mont-Blanc,,,0,Q21850100,search,no,far
G149,Provence (Luberon),FRA,Q1780121,Luberon,mountains in France,12.92,21,Q3977906|Q15069452,search,yes,unique
G149,Provence (Luberon),FRA,Q2138343,Luberon Regional Nature Park,protected area in France,16.29,6,Q1818761|Q473972|Q1324355,search,no,near
G149,Provence (Luberon),FRA,Q22678649,Luberon-Lure,"""Biosphere reserve in France | designated in 1997 (former Luberon, extended and renamed in 2010)""",19.28,0,Q158454,search,no,near
G149,Provence (Luberon),FRA,Q15104,Provence-Alpes-Côte d'Azur,French administrative region,64.8,131,Q36784,search,no,far
G149,Provence (Luberon),FRA,Q101081,Provence,region and historical province of southeastern France,64.8,92,Q82794|Q3502482|Q1620908|Q12949943,search,yes,far
G149,Provence (Luberon),FRA,Q70450,Provence,municipality in the canton of Vaud in Switzerland,352.09,24,Q70208,search,yes,far
G149,Provence (Luberon),FRA,Q2113916,Provence,1913 Bretagne-class battleship,,15,Q182531|Q41767843,search,yes,far
G149,Provence (Luberon),FRA,Q3408270,Provence,2013 Aquitaine-class FREMM multipurpose frigate,,6,Q161705,search,yes,far
G149,Provence (Luberon),FRA,Q458070,Côtes du Luberon AOC,,,5,Q630531|Q1565828,search,no,far
G149,Provence (Luberon),FRA,Q22713104,336108 Luberon,asteroid,,4,Q3863,search,no,far
G149,Provence (Luberon),FRA,Q130443147,Provence,1863 French naval vessel,,1,Q177597,search,yes,far
G149,Provence (Luberon),FRA,Q125738162,Luberon Film Festival,,,0,Q220505,search,no,far
G149,Provence (Luberon),FRA,Q108078362,Luberon Oriental,protected area in France,,0,Q473972,search,no,far
G149,Provence (Luberon),FRA,Q37227371,Provence,family name,,0,Q101352,search,yes,far
G150,French Riviera,FRA,Q19370961,University of Côte d'Azur,"French university created in 2015, which succeeds the University of Nice founded in 1965",27.12,11,Q875538|Q3551775,search,no,ambiguous
G150,French Riviera,FRA,Q2991466,Côte d'Azur Observatory,astronomical observatory network in southern France,29.72,17,Q1254933|Q1542938,search,no,ambiguous
G150,French Riviera,FRA,Q182822,French Riviera,Mediterranean coastline of the southeast corner of France,38.46,72,Q93352|Q917448,search,yes,ambiguous
G150,French Riviera,FRA,Q28000807,Riviera,municipality in the canton of Ticino in Switzerland,343.12,13,Q70208,search,yes,far
G150,French Riviera,FRA,Q13924,Adriatic Sea,body of water between the Italian Peninsula and the Balkan Peninsula,687.17,156,Q165|Q166620,search,no,far
G150,French Riviera,FRA,Q44649829,Riviera,"street in Jedovnice, Czech Republic",984.39,0,Q79007,search,yes,far
G150,French Riviera,FRA,Q5175310,Cote d'Azur,beach resort in Syria,2601.31,3,Q1021711,search,yes,far
G150,French Riviera,FRA,Q115081447,Riviera,"residential area in Gatineau, Quebec, Canada",6255.44,0,Q674950,search,yes,far
G150,French Riviera,FRA,Q115080690,Côte-d'Azur,"residential area in Gatineau, Quebec, Canada",6255.86,0,Q674950,search,no,far
G150,French Riviera,FRA,Q4022,river,larger natural watercourse,,282,Q125824188|Q1428660|Q140595023,search,no,far
G150,French Riviera,FRA,Q917448,riviera,"coastline flanked by mountains, originally referring to the strip of land lying around the Gulf of Genoa from Nice to Leghorn",,30,,search,yes,far
G150,French Riviera,FRA,Q1424889,Crustacés et Coquillages,2005 film directed by Olivier Ducastel and Jacques Martineau,,8,Q11424,search,no,far
G150,French Riviera,FRA,Q15918377,In the Name of My Daughter,2014 film by André Téchiné,,7,Q11424,search,no,far
G150,French Riviera,FRA,Q1486206,French Riviera Marathon,competitive running event,,5,Q40244,search,no,far
G150,French Riviera,FRA,Q6720026,Côte d'Azur,scrapped ferry built in 1981,,3,Q25653,search,yes,far
G150,French Riviera,FRA,Q106253544,French Riviera circuit,tennis tournament,,2,Q47443726,search,no,far
G150,French Riviera,FRA,Q2693239,French Riviera Masters,golf tournament,,2,Q2990946,search,no,far
G150,French Riviera,FRA,Q25408735,Rivera,Italian noble family,,2,Q13417114,search,no,far
G150,French Riviera,FRA,Q50751198,French Riviera,painting by János Vaszary,,0,Q3305213,search,yes,far
G150,French Riviera,FRA,Q93542022,Cote d'Azur,Japanese karaoke service,,0,Q4830453,search,yes,far
G151,Corsica,FRA,Q14112,Corsica,French single territorial collectivity and island in the Mediterranean Sea,5.73,186,Q36784|Q22923920|Q3502482,search,yes,ambiguous
G151,Corsica,FRA,Q33111,Corsican,peripheral Tuscan dialect group of Corsica and Sardinia,23.72,107,Q33742|Q1288568,search,no,ambiguous
G151,Corsica,FRA,Q3334,Haute-Corse,French department in Corsica,30.77,98,Q6465,search,no,ambiguous
G151,Corsica,FRA,Q3336,Corse-du-Sud,French department in Corsica,39.31,98,Q6465,search,no,ambiguous
G151,Corsica,FRA,Q2998020,Corse,former French department (1790-1793),62.58,3,Q6465,search,yes,near
G151,Corsica,FRA,Q1001980,Corsept,"commune in Loire-Atlantique, France",1045.18,43,Q484170,search,no,far
G151,Corsica,FRA,Q210164,Corseul,"commune in Côtes-d'Armor, France",1122.22,44,Q484170,search,no,far
G151,Corsica,FRA,Q5173140,Corse,"village and civil parish in Gloucestershire, United Kingdom",1381.76,14,Q532|Q1115575,search,yes,far
G151,Corsica,FRA,Q2201132,Corsica,"city in South Dakota, United States",8067.06,29,Q1093829,search,yes,far
G151,Corsica,FRA,Q939602,Corsicana,"city in and county seat of Navarro County, Texas, United States",8799.89,51,Q1093829|Q62049,search,no,far
G151,Corsica,FRA,Q180225,corset,"garment, reinforced with stays, that supports the waistline, hips and bust",,68,,search,no,far
G151,Corsica,FRA,Q16865783,Corse,family name,,2,Q101352,search,yes,far
G151,Corsica,FRA,Q27495866,Corse,former French department (1811-1976),,0,Q6465,search,yes,far
G152,Normandy D-Day Beaches,FRA,Q464257,Omaha Beach,1944 one of the five sectors of the Allied invasion of German-occupied France,18.1,42,Q590490|Q40080,search,yes,unique
G152,Normandy D-Day Beaches,FRA,Q3390891,"Beaches of the D-Day Landings, Normandy, 1944",World Heritage Site in France,18.92,9,Q99018632|Q4895508,whs,no,near
G152,Normandy D-Day Beaches,FRA,Q125699734,Omaha Beach Memorial Museum,"museum in Saint-Laurent-sur-Mer, France",19.03,1,Q2772772,search,no,near
G152,Normandy D-Day Beaches,FRA,Q31811089,Omaha Beach,,6790.46,1,Q40080,search,yes,far
G152,Normandy D-Day Beaches,FRA,Q65058125,Omaha Beach,American racehorse,,1,Q726,search,yes,far
G152,Normandy D-Day Beaches,FRA,Q131913781,Omaha Beach,WWII board wargame,,1,Q11410,search,yes,far
G152,Normandy D-Day Beaches,FRA,Q108076759,Omaha Beach,protected area in France,,0,Q473972,search,yes,far
G152,Normandy D-Day Beaches,FRA,Q112640133,Omaha Beach 13 July 44,painting by Eric Aho,,0,Q3305213,search,no,far
G153,Lourdes,FRA,Q3327,Lourdes,"commune in Hautes-Pyrénées, France",0.12,87,Q484170,search,yes,unique
G153,Lourdes,FRA,Q1656799,Lourdes,Colombian municipality of the department of Norte de Santander,8009.81,21,Q2555896,search,yes,far
G153,Lourdes,FRA,Q50024239,Lourdes,"town in San Luis Municipality, State of Guanajuato, Mexico",9226.97,4,Q20202352,search,yes,far
G153,Lourdes,FRA,Q61291255,Lourdes,"town in Corregidora Municipality, State of Querétaro, Mexico",9269.5,4,Q20202352,search,yes,far
G153,Lourdes,FRA,Q3816924,Lourdes,female given name,,4,Q11879590,search,yes,far
G153,Lourdes,FRA,Q11762857,Lourdes,novel by Émile Zola,,3,Q7725634,search,yes,far
G153,Lourdes,FRA,Q24431735,Lourdes,family name,,1,Q101352,search,yes,far
G154,Strasbourg,FRA,Q1895943,"Grande Île, Strasbourg","island in Bas-Rhin, France",0.25,24,Q123705|Q162602,search,no,ambiguous
G154,Strasbourg,FRA,Q6602,Strasbourg,"capital and largest city of Grand Est, located in the historical region of Alsace",1.19,194,Q484170|Q1549591|Q902814|Q57318,search,yes,ambiguous
G154,Strasbourg,FRA,Q845468,Strasbourg Museum of Modern and Contemporary Art,"art museum in Strasbourg, France",1.21,13,Q207694,search,no,ambiguous
G154,Strasbourg,FRA,Q55523908,"Strasbourg: from Grande-île to Neustadt, a European urban scene",world heritage site in France,0.16,1,,whs,no,near
G154,Strasbourg,FRA,Q1917272,Strasbourg,"town in Saskatchewan, Canada",7225.56,8,Q3957,search,yes,far
G154,Strasbourg,FRA,Q126334,RC Strasbourg Alsace,association football club in France,,59,Q476028,search,no,far
G154,Strasbourg,FRA,Q155973,4690 Strasbourg,asteroid,,23,Q3863,search,no,far
G154,Strasbourg,FRA,Q2298889,Strasbourg,1936 Dunkerque-class battleship,,15,Q182531,search,yes,far
G154,Strasbourg,FRA,Q27713522,Strasbourg medical,journal,,0,Q5633421,search,no,far
G155,Alsace Wine Route,FRA,Q148959,Riquewihr,"commune in Haut-Rhin, France",0.1,62,Q484170,search,yes,ambiguous
G155,Alsace Wine Route,FRA,Q1334019,Alsatian Vineyard Route,scenic route,25.6,16,Q3960262,search,no,ambiguous
G155,Alsace Wine Route,FRA,Q1142,Alsace,territorial community and former administrative region of France,39.93,136,Q3502482|Q1620908,search,yes,far
G155,Alsace Wine Route,FRA,Q18677983,Grand Est,administrative region of France,57.08,108,Q36784,search,no,far
G155,Alsace Wine Route,FRA,Q155144,Alsace–Lorraine,1871–1918 territory of the German Empire,60.1,59,Q183366|Q56061|Q2139582|Q1620908,search,no,far
G155,Alsace Wine Route,FRA,Q690763,Alsace,"Metro station, Lille, France",410.79,6,Q928830|Q22808403,search,yes,far
G155,Alsace Wine Route,FRA,Q2840159,Alsace,1916 film by Henri Pouctal,,6,Q11424,search,yes,far
G155,Alsace Wine Route,FRA,Q39076516,Alsace,2019 Aquitaine-class FREMM multipurpose frigate,,5,Q161705,search,yes,far
G155,Alsace Wine Route,FRA,Q80114014,Alsace wine,wine from the Alsace region in France,,3,,search,no,far
G155,Alsace Wine Route,FRA,Q16683026,Alsace Wine Route,,,2,Q353027,search,yes,far
G155,Alsace Wine Route,FRA,Q22076057,Riquewihr,drawing,,0,Q93184,search,yes,far
G156,Bordeaux,FRA,Q1479,Bordeaux,"city and commune in Gironde, New Aquitaine, France",0.14,184,Q484170|Q1549591,search,yes,ambiguous
G156,Bordeaux,FRA,Q2249113,port of the Moon,port in France,0.53,24,Q676050|Q44782|Q702492,whs,no,ambiguous
G156,Bordeaux,FRA,Q108921269,Bordeaux attraction area,attraction area in France,0.14,1,Q108921116,search,no,near
G156,Bordeaux,FRA,Q1167170,Bordeaux-en-Gâtinais,"commune in Loiret, France",433.48,35,Q484170,search,no,far
G156,Bordeaux,FRA,Q1113532,Bordeaux-Saint-Clair,"commune in Seine-Maritime, France",544.26,41,Q484170,search,no,far
G156,Bordeaux,FRA,Q172476,FC Girondins de Bordeaux,"association football club in Bordeaux, France",,72,Q476028,search,no,far
G156,Bordeaux,FRA,Q10859033,bordeaux,brownish red colour associated with Bordeaux wine,,24,Q1075,search,yes,far
G156,Bordeaux,FRA,Q37492134,Bordeaux,family name,,1,Q101352,search,yes,far
G157,Camargue,FRA,Q218151,Camargue,Rhône river delta,5.48,50,Q572995|Q3757179|Q170321,search,yes,ambiguous
G157,Camargue,FRA,Q1570460,Camargue Regional Natural Park,"Protected area in Camargue, France",8.03,10,Q1818761|Q22698|Q473972,search,no,ambiguous
G157,Camargue,FRA,Q93346955,Camargue,Ramsar site in France,4.03,0,Q2828309,search,yes,near
G157,Camargue,FRA,Q846312,Camargue horse,horse breed,,23,Q1160573,search,no,far
G157,Camargue,FRA,Q2934636,Camargue cattle,breed of cattle,,9,Q21521438,search,no,far
G157,Camargue,FRA,Q1778149,Camargue bullfighting,type of bullfighting,,8,Q349,search,no,far
G157,Camargue,FRA,Q83542905,Dahlia 'Camargue',Dahlia cultivar,,1,Q21160573,search,no,far
G158,Calanques National Park,FRA,Q2933615,Massif des Calanques,mountains in France,0.57,11,Q46831|Q93352,search,no,ambiguous
G158,Calanques National Park,FRA,Q2600427,Calanques National Park,national park in France,0.97,24,Q943017|Q473972|Q46169,search,yes,ambiguous
G158,Calanques National Park,FRA,Q120473021,,,1.22,0,Q1076486,search,no,near
G158,Calanques National Park,FRA,Q128550735,,protected area in France,3.23,1,Q15069452,search,no,near
G158,Calanques National Park,FRA,Q120473018,,,4.72,0,Q1076486,search,no,near
G158,Calanques National Park,FRA,Q120473020,,,5.59,0,Q1076486,search,no,near
G158,Calanques National Park,FRA,Q120473019,,,6.47,0,Q1076486,search,no,near
G158,Calanques National Park,FRA,Q1026237,Calanques de Piana,calanque,278.44,24,Q1026259,search,no,far
G158,Calanques National Park,FRA,Q1026259,calanque,"narrow, steep-walled inlet on the Mediterranean coast",,13,,search,no,far
G158,Calanques National Park,FRA,Q108079373,Calanques [Aire D'Adhésion],protected area in France,,0,Q473972,search,no,far
G158,Calanques National Park,FRA,Q124305307,,painting by Adolphe Appian,,0,Q3305213,search,no,far
G159,Cirque de Gavarnie,FRA,Q1093112,Gavarnie Cirque,glacial cirque in France,0.09,24,Q388227|Q15069452,search,no,ambiguous
G159,Cirque de Gavarnie,FRA,Q1496402,Gavarnie Falls,waterfall in France,0.49,19,Q34038,search,no,ambiguous
G159,Cirque de Gavarnie,FRA,Q917894,Gavarnie,"former commune in Hautes-Pyrénées, France",4.14,31,Q484170|Q21869758,search,yes,ambiguous
G159,Cirque de Gavarnie,FRA,Q3411434,Pyrénées – Mont Perdu World Heritage Site,UNESCO World Heritage Site in Spain and France,7.01,11,Q28777651|Q2828309,whs,no,ambiguous
G159,Cirque de Gavarnie,FRA,Q21979714,Gavarnie-Gèdre,"commune in Hautes-Pyrénées, France",10.54,20,Q484170,search,no,ambiguous
G159,Cirque de Gavarnie,FRA,Q117882763,Gavarnie (SAPC) weather station,"weather station located in Hautes-Pyrénées, in France",4.32,0,Q190107,search,no,near
G159,Cirque de Gavarnie,FRA,Q1074290,Paul Gavarni,French caricaturist (1804-1866),,27,Q5,search,no,far
G159,Cirque de Gavarnie,FRA,Q2677666,Gavarnie Ringlet,species of insect,,9,Q16521,search,no,far
G159,Cirque de Gavarnie,FRA,Q29539694,Cirque de Gavarnie,Wikimedia disambiguation page,,1,Q4167410,search,yes,far
G160,Carcassonne,FRA,Q389269,Cité de Carcassonne,medieval citadel,0.05,38,Q57831|Q677678|Q88291,whs,yes,ambiguous
G160,Carcassonne,FRA,Q6582,Carcassonne,"French commune in Aude, Occitania",1.5,107,Q484170,search,yes,ambiguous
G160,Carcassonne,FRA,Q64846049,City of Carcassone and its mountain sentinel castles,tentative World Heritage site in France,46.87,0,Q18247357|Q12057999,search,no,far
G160,Carcassonne,FRA,Q17262,Carcassonne,2000 board game,,32,Q3244175,search,yes,far
G160,Carcassonne,FRA,Q56244291,Carcassonne,family name,,1,Q101352,search,yes,far
G160,Carcassonne,FRA,Q5038136,Carcassonne,2007 video game,,1,Q7889,search,yes,far
G160,Carcassonne,FRA,Q2937982,Carcassonne,1993 album by Stephan Eicher,,1,Q482994,search,yes,far
G160,Carcassonne,FRA,Q110682579,Carcassonne: Tiles & Tactics,2017 video game developed by Asmodee Digital and Frima Studio,,1,Q7889,search,no,far
G160,Carcassonne,FRA,Q2974607,,French wine,,1,,search,no,far
G160,Carcassonne,FRA,Q130443908,,,,1,Q3305213,search,no,far
G160,Carcassonne,FRA,Q28912766,Carcassonne,board game franchise,,0,Q28114062,search,yes,far
G160,Carcassonne,FRA,Q106771874,Cité de Carcassonne,painting by Sasza Blonder,,0,Q3305213,search,yes,far
G160,Carcassonne,FRA,Q82728087,Cité de Carcassonne,photo by Sigurd Curman,,0,Q125191,search,yes,far
G161,Biarritz,FRA,Q132790,Biarritz,"commune in Pyrénées-Atlantiques, France",0.31,95,Q484170,search,yes,unique
G161,Biarritz,FRA,Q855496,Biarritz Olympique,French professional rugby union team,,19,Q43009164,search,no,far
G161,Biarritz,FRA,Q22943365,Biarritzina,genus of foraminifera,,2,Q16521,search,no,far
G161,Biarritz,FRA,Q57687669,Biarritzella,,,0,Q16521,search,no,far
G161,Biarritz,FRA,Q106858218,Biarritz,painting by Oskar Kokoschka (1925),,0,Q3305213,search,yes,far
G161,Biarritz,FRA,Q28471660,Biarritz,painting by Jose Villegas,,0,Q3305213,search,yes,far
G161,Biarritz,FRA,Q115909057,Biarritz,painting by Ivan Ayvazovsky,,0,Q3305213,search,yes,far
G162,Dune du Pilat,FRA,Q501726,Dune of Pilat,tallest sand dune in Europe,0.15,35,Q473972|Q25391|Q110544132,search,no,unique
G162,Dune du Pilat,FRA,Q1968566,Pyla,"community in Larnaca District, Republic of Cyprus",3138.2,25,Q29414133,search,yes,far
G162,Dune du Pilat,FRA,Q310405,Pylaisia,genus of plants,,10,Q16521,search,no,far
G162,Dune du Pilat,FRA,Q2119566,Pylaemenes,insect genus,,9,Q16521,search,no,far
G162,Dune du Pilat,FRA,Q14867232,Pyla,genus of insects,,6,Q16521,search,yes,far
G162,Dune du Pilat,FRA,Q17283546,Pylaisiadelpha,genus of plants,,5,Q16521,search,no,far
G162,Dune du Pilat,FRA,Q17289980,Pylaisiella,genus of plants,,5,Q16521,search,no,far
G162,Dune du Pilat,FRA,Q118090807,Pyla,family name,,0,Q101352,search,yes,far
G163,Palace of Versailles,FRA,Q2946,Palace of Versailles,"palace in Versailles, France and location of the Museum of the History of France",0.04,109,Q751876|Q16560|Q53536964|Q207694,whs,yes,ambiguous
G163,Palace of Versailles,FRA,Q621,Versailles,"French city and commune in Yvelines, in Île-de-France",1.1,124,Q484170,search,yes,ambiguous
G163,Palace of Versailles,FRA,Q3034552,Palace and Park of Versailles,,0.04,2,Q12292478,whs,no,near
G163,Palace of Versailles,FRA,Q3329787,Musée de l'Histoire de France,museum in the Palace of Versailles,0.16,5,Q33506,search,no,near
G163,Palace of Versailles,FRA,Q2945406,Palace of Versailles Research Centre,resource on European court culture of the seventeenth and eighteenth centuries,0.27,3,Q45400320|Q483242,search,no,near
G163,Palace of Versailles,FRA,Q56858473,,,0.6,0,Q953806,search,no,near
G163,Palace of Versailles,FRA,Q128154722,Palace of Versailles Olympic venue,venue created for the 2024 Paris Olympic games,2.81,1,Q107640409,search,no,near
G163,Palace of Versailles,FRA,Q960109,Versailles,"city in Woodford County, Kentucky, United States",6728.02,38,Q1093829,search,yes,far
G163,Palace of Versailles,FRA,Q769325,Versailles,Japanese power metal band,,21,Q215380,search,yes,far
G163,Palace of Versailles,FRA,Q3284366,Versailles 1685,1997 video game,,7,Q7889,search,no,far
G163,Palace of Versailles,FRA,Q15053661,Versailles,American 21st century musician,,1,Q5,search,yes,far
G163,Palace of Versailles,FRA,Q83666868,Rosa 'Château de Versailles',rose cultivar,,1,Q26817508,search,no,far
G163,Palace of Versailles,FRA,Q37519355,Versailles,family name,,0,Q101352,search,yes,far
G163,Palace of Versailles,FRA,Q56704901,Château de Versailles bus stop,,,0,Q953806,search,no,far
G163,Palace of Versailles,FRA,Q114700133,,painting by L.J.A. Delbeke (1866-06-30),,0,Q3305213,search,no,far
G164,Toulouse,FRA,Q7880,Toulouse,"French commune and city in Haute-Garonne, Occitania",0.07,174,Q484170|Q1549591|Q1187811,search,yes,ambiguous
G164,Toulouse,FRA,Q3117393,TBS Education,French business school,1.18,30,Q1143635|Q847027|Q423208|Q3577739,search,no,ambiguous
G164,Toulouse,FRA,Q1273188,Toulouse III - Paul Sabatier University,"French university, in the Academy of Toulouse (1969-2024)",5.13,24,Q875538|Q3551775|Q123602198,search,no,ambiguous
G164,Toulouse,FRA,Q1470517,Toulouse-le-Château,"commune in Jura, France",483.02,32,Q484170,search,no,far
G164,Toulouse,FRA,Q82445,Henri de Toulouse-Lautrec,French painter and illustrator (1864–1901),,97,Q5,search,no,far
G164,Toulouse,FRA,Q19518,Toulouse FC,French association football club,,56,Q476028,search,no,far
G164,Toulouse,FRA,Q37046089,Toulouse,family name,,1,Q101352,search,yes,far
G165,Istanbul,TUR,Q12506,Hagia Sophia,"mosque, museum, and former church in Istanbul, Turkey",0.17,152,Q120560|Q32815|Q33506|Q96371632,whs,no,ambiguous
G165,Istanbul,TUR,Q5773394,Historic Areas of Istanbul,World Heritage Site in Turkey,0.17,24,Q28777651|Q702492,whs,yes,ambiguous
G165,Istanbul,TUR,Q16869,Constantinople,"capital of the Eastern Roman, Latin and Ottoman Empires, currently Istanbul, Turkey",0.5,128,Q515|Q56061|Q15661340,search,yes,ambiguous
G165,Istanbul,TUR,Q534799,Istanbul Province,province in northwestern Turkey,0.5,87,Q48336,search,no,ambiguous
G165,Istanbul,TUR,Q12544,Byzantine Empire,Roman Empire during Late Antiquity and the Middle Ages,0.53,191,Q48349|Q3024240|Q11514315|Q392160,search,no,ambiguous
G165,Istanbul,TUR,Q23725,Byzantium,"ancient Greek city, precursor of Constantinople",0.77,78,Q15661340|Q148837,search,yes,ambiguous
G165,Istanbul,TUR,Q192964,Istanbul University,"public university in Istanbul, Turkey",1.31,61,Q875538|Q45400320,search,no,ambiguous
G165,Istanbul,TUR,Q406,Istanbul,largest city in Turkey,1.5,290,Q2716259|Q27554677|Q174844|Q51929311,search,yes,ambiguous
G165,Istanbul,TUR,Q344334,Istanbul Technical University,"state university in İstanbul, Turkey",11.48,40,Q1371037|Q875538,search,no,ambiguous
G165,Istanbul,TUR,Q256,Turkish,Oghuz Turkic language of the Turkish people,141.52,249,Q33742|Q1288568|Q2267705,search,no,far
G165,Istanbul,TUR,Q18981539,Byzantium,"street in Amersfoort, the Netherlands",2173.75,0,Q79007,search,yes,far
G165,Istanbul,TUR,Q21980990,Byzantium,"building in Amsterdam, Netherlands",2213.13,1,Q41176,search,yes,far
G165,Istanbul,TUR,Q47916,Lucknow,"capital of Uttar Pradesh, India",4967.42,125,Q1549591|Q51929311|Q11271835,search,no,far
G165,Istanbul,TUR,Q2081750,Byzantium,2012 film directed by Neil Jordan,,24,Q11424,search,yes,far
G165,Istanbul,TUR,Q1296901,Latin Patriarchate of Constantinople,ancient patriarchate of the Roman Catholic Church. titular see,,14,Q12593969,search,no,far
G165,Istanbul,TUR,Q18352396,Istanbul,board game,,8,Q131436,search,yes,far
G165,Istanbul,TUR,Q3282456,Istanbul (Not Constantinople),1953 novelty song,,7,Q134556|Q105543609,search,no,far
G165,Istanbul,TUR,Q3695616,Constantinople,novel by Edmondo de Amicis,,7,Q7725634,search,yes,far
G165,Istanbul,TUR,Q138863259,Constantinople,painting by anonymous,,0,Q3305213,search,yes,far
G165,Istanbul,TUR,Q26155404,Byzantium,painting by Garo Anteasian,,0,Q3305213,search,yes,far
G165,Istanbul,TUR,Q105095605,Byzantium,episode of The Mentalist (S7 E11),,0,Q21191270,search,yes,far
G166,Cappadocia,TUR,Q6710593,Göreme,town of Turkey and district of Nevşehir Province,0.01,45,Q515|Q815324,search,yes,ambiguous
G166,Cappadocia,TUR,Q620593,Göreme National Park,national park in Turkey,3.15,36,Q108060568|Q22698|Q839954,search,yes,ambiguous
G166,Cappadocia,TUR,Q217265,Cappadocia,historical region of Anatolia in Turkey,3.19,106,Q82794|Q1620908,search,yes,ambiguous
G166,Cappadocia,TUR,Q33490,Cappadocia,province of the Roman Empire in Anatolia,3.19,26,Q182547,search,yes,ambiguous
G166,Cappadocia,TUR,Q115453100,Göreme Open Air Museum,,1.46,1,Q756102,search,no,near
G166,Cappadocia,TUR,Q64705367,Göreme National Park and the Rock Sites of Cappadocia,World Heritage site in Turkey,3.2,1,Q28777651,whs,no,near
G166,Cappadocia,TUR,Q2653482,Goreme,"village in Strumyani municipality, Blagoevgrad oblast, Bulgaria",1050.82,11,Q15630849,search,yes,far
G166,Cappadocia,TUR,Q50068,Cappadocia,Italian comune,1859.36,51,Q747074,search,yes,far
G166,Cappadocia,TUR,Q29654286,Kingdom of Cappadocia,Iranian kingdom in Asia Minor (331 BC-17 AD),,14,Q417175|Q3024240,search,no,far
G166,Cappadocia,TUR,Q1495989,Cappadocia,Byzantine thema,,14,Q379817,search,yes,far
G166,Cappadocia,TUR,Q3657298,Cappadocia Satrapy,Achaemenid satrapy in Anatolia,,6,Q3950801,search,no,far
G166,Cappadocia,TUR,Q68518311,Cappadocia,family name,,1,Q101352,search,yes,far
G166,Cappadocia,TUR,Q122708601,Goreme,ship built in 1973,,0,Q11446,search,yes,far
G166,Cappadocia,TUR,Q119441503,Goreme,"painting by Austen O'Hanlon (b.1975), Tavistock Centre",,0,Q3305213,search,yes,far
G167,Pamukkale,TUR,Q15924669,Hierapolis-Pamukkale,World Heritage site in Turkey,0.03,12,Q28777651,whs,yes,ambiguous
G167,Pamukkale,TUR,Q105893254,Pamukkale,hot springs in Turkey,0.08,67,Q177380,search,yes,ambiguous
G167,Pamukkale,TUR,Q7428276,Hierapolis,ancient city of Phrygia in modern-day Turkey,0.27,53,Q839954,search,yes,ambiguous
G167,Pamukkale,TUR,Q3892919,Pamukkale,"mahalle (administrative quarter) in Pamukkale, Denizli, southwestern Turkey",0.98,4,Q17051044,search,yes,near
G167,Pamukkale,TUR,Q420157,Pamukkale district,"district of Denizli, southwestern Turkey",18.04,22,Q3957|Q15284|Q1147395,search,no,far
G167,Pamukkale,TUR,Q1278023,Pamukkale University,"state university in Denizli, Turkey",20.63,8,Q875538|Q45400320,search,no,far
G167,Pamukkale,TUR,Q85766481,Hieropolis,town of the Phrygian Pentapolis in ancient Phrygia,111.34,3,Q15661340,search,no,far
G167,Pamukkale,TUR,Q1146939,Manbij,"city in Aleppo Governorate, Syria",796.33,49,Q515|Q839954|Q16127605,search,no,far
G167,Pamukkale,TUR,Q367139,Hierapolis in Phrygia,Roman Catholic titular see,,5,Q15217609,search,no,far
G167,Pamukkale,TUR,Q1617446,Hierapolis in Isauria,city and diocese in ancient Isauria,,3,Q15217609,search,no,far
G167,Pamukkale,TUR,Q61075530,Pamukkale University Faculty of Medicine,,,1,Q494230,search,no,far
G167,Pamukkale,TUR,Q108818664,"Hierapolis, Hieropolis 2 (Pauly-Wissowa)",encyclopedic article in Paulys Realencyclopädie der classischen Altertumswissenschaft (RE),,1,Q13433827,search,no,far
G167,Pamukkale,TUR,Q96723486,Pamukkale University Journal of Social Sciences Institute,,,0,Q5633421,search,no,far
G167,Pamukkale,TUR,Q50498122,Pamukkale University Journal of Engineering Sciences,"Academic journal published by Pamukkale University, covering the subjects: Technology: Engineering (General). Civil engineering (General)",,0,Q737498|Q773668,search,no,far
G167,Pamukkale,TUR,Q103932301,Hierapolis,encyclopedia article,,0,Q13433827,search,yes,far
G168,Ephesus,TUR,Q47611,Ephesus,ancient Greek city in Anatolia,0.23,96,Q1708422|Q93342462|Q148837,search,yes,unique
G168,Ephesus,TUR,Q64699469,Ephesus,World Heritage site in Turkey,1.95,2,Q18247357|Q839954,search,yes,near
G168,Ephesus,TUR,Q2524072,Ephesus,"human settlement in Heard County, Georgia, United States of America",9462.34,27,Q15127012|Q76514543,search,yes,far
G168,Ephesus,TUR,Q483738,Anadolu Efes S.K.,Turkish professional basketball team,,36,Q13393265,search,no,far
G168,Ephesus,TUR,Q2729871,Efes Beverage Group,Turkish beer company,,18,Q167270|Q4830453|Q6881511,search,no,far
G168,Ephesus,TUR,Q1295815,Efes Pilsen,Produced by the Efes Beverage Group,,11,Q152281|Q15075508,search,no,far
G168,Ephesus,TUR,Q141446719,Ephesus,Greek name,,1,,search,yes,far
G168,Ephesus,TUR,Q96911982,Efes,family name,,1,Q101352,search,yes,far
G168,Ephesus,TUR,Q83646084,Efes,Multi-purpose dry cargo ship,,1,Q1917626,search,yes,far
G168,Ephesus,TUR,Q113465704,Efeso,male given name,,1,Q12308941,search,no,far
G168,Ephesus,TUR,Q84231750,Ephesos,ship built in 2012,,1,Q11446,search,yes,far
G168,Ephesus,TUR,Q113663724,Ephesos 1 (Pauly-Wissowa),encyclopedic article in Paulys Realencyclopädie der classischen Altertumswissenschaft (RE),,1,Q13433827,search,no,far
G168,Ephesus,TUR,Q113663704,Ephesos 3 (Pauly-Wissowa),encyclopedic article in Paulys Realencyclopädie der classischen Altertumswissenschaft (RE),,1,Q13433827,search,no,far
G168,Ephesus,TUR,Q113663705,Ephesos 2 (Pauly-Wissowa),encyclopedic article in Paulys Realencyclopädie der classischen Altertumswissenschaft (RE),,1,Q13433827,search,no,far
G168,Ephesus,TUR,Q122821284,Ephesus,2023 video game,,0,Q7889,search,yes,far
G168,Ephesus,TUR,Q21548796,Ephesus,mythical son of the river Cayster,,0,Q22988604,search,yes,far
G168,Ephesus,TUR,Q103089502,Ephesus Olusoji Fatunmbi,Ph.D. University of Lagos 2019,,0,Q5,search,no,far
G169,Troy,TUR,Q22647,Troy,ancient Homeric-era city in northwest Asia Minor; it is known as the setting for the Greek myth of the Trojan war,0.06,121,Q148837|Q133442|Q1708422|Q65064889,whs,yes,unique
G169,Troy,TUR,Q30524217,Ilion Music School,"public music school in Ilion, Athens, Greece",303.81,1,Q1080794|Q1021290|Q811979,search,no,far
G169,Troy,TUR,Q25162015,Ilion Municipality,"municipality in Attica region, Greece",305.77,5,Q1349648,search,no,far
G169,Troy,TUR,Q556471,Ilion,"suburb of Athens, Greece",306.4,27,Q702492|Q486972,search,yes,far
G169,Troy,TUR,Q51965,Troia,Italian comune,935.25,53,Q747074,search,yes,far
G169,Troy,TUR,Q5489,Troyes,"commune in Aube, France",1987.15,103,Q484170,search,no,far
G169,Troy,TUR,Q30938979,Troia,"human settlement in the peninsula of Tróia, Portugal",3011.94,2,Q3257686,search,yes,far
G169,Troy,TUR,Q600301,Troy,"city in and county seat of Rensselaer County, New York, United States",7806.32,61,Q15063611,search,yes,far
G169,Troy,TUR,Q2710605,Ilion,"village in Herkimer County, New York",7875.25,25,Q751708|Q55237813,search,yes,far
G169,Troy,TUR,Q990271,Troy,"city in Oakland County, Michigan, United States",8415.98,50,Q1093829,search,yes,far
G169,Troy,TUR,Q1817686,Troy University,university in Alabama,9418.56,17,Q3918|Q23002039,search,no,far
G169,Troy,TUR,Q79862,Troy,"city in Pike County, Alabama, United States",9419.16,46,Q1093829,search,yes,far
G169,Troy,TUR,Q186587,Troy,2004 film by Wolfgang Petersen,,75,Q11424,search,yes,far
G169,Troy,TUR,Q4461,Troian Bellisario,American actress,,44,Q5,search,no,far
G169,Troy,TUR,Q2412859,tenofovir/emtricitabine,drug combination for HIV prophylaxis,,21,Q119892838,search,no,far
G169,Troy,TUR,Q3713898,Donna Troy,DC Comics superheroine,,13,Q1114461|Q2805205|Q15711870|Q15773317,search,no,far
G169,Troy,TUR,Q14660017,Ilione,genus of insects,,6,Q16521,search,no,far
G169,Troy,TUR,Q1158289,Troy,male given name,,5,Q12308941,search,yes,far
G169,Troy,TUR,Q3999610,Troia,1973 debut studio album by Squallor,,3,Q482994,search,yes,far
G169,Troy,TUR,Q20727180,Troy,family name,,2,Q101352,search,yes,far
G169,Troy,TUR,Q16958325,Truva Paten Spor Kulübü,"ice hockey team in Ankara, Turkey",,2,Q4498974,search,no,far
G169,Troy,TUR,Q12742592,Truva Linux,Linux distribution,,2,Q131669,search,no,far
G169,Troy,TUR,Q37186596,Troia,family name,,2,Q101352,search,yes,far
G169,Troy,TUR,Q106677874,Truva,car ferry launched in 1966,,1,Q3784092,search,yes,far
G169,Troy,TUR,Q37497058,Troiano,family name,,1,Q101352,search,no,far
G169,Troy,TUR,Q124448911,Ilion,2024 studio album by Slift,,1,Q482994,search,yes,far
G169,Troy,TUR,Q29006607,Truvada,pharmaceutical product,,0,Q28885102|Q169336,search,no,far
G170,Göbekli Tepe,TUR,Q214944,Göbekli Tepe,neolithic archaeological site in Turkey,0.04,78,Q755017|Q106491339,whs,yes,unique
G170,Göbekli Tepe,TUR,Q106715719,Göbekli Tepe,episode of Historiepodden published on 25 June 2017 (E160),,0,Q61855877,search,yes,far
G170,Göbekli Tepe,TUR,Q135239194,,,,0,Q1980247,search,no,far
G170,Göbekli Tepe,TUR,Q106978237,Göbekli Tepe: a Stone Age sanctuary in South-Eastern Anatolia,book by Klaus Schmidt,,0,Q571,search,no,far
G170,Göbekli Tepe,TUR,Q114537580,Return to Göbekli Tepe,episode of Ancient Aliens (S12 E16),,0,Q21191270,search,no,far
G170,Göbekli Tepe,TUR,Q57480217,"Göbekli Tepe, Southeastern Turkey. A Preliminary Report on the 1995-1999 Excavations",article by Klaus Schmidt published 2000 in Paleorient,,0,Q13442814,search,no,far
G170,Göbekli Tepe,TUR,Q106966806,Göbekli Tepe – the Stone Age Sanctuaries. New results of ongoing excavations with a special focus on sculptures and high reliefs,article by Klaus Schmidt published 31 December 2010 in Porocilo o Raziskovanju Paleolita Neolita in Eneolita v Sloveniji,,0,Q13442814,search,no,far
G171,Mount Nemrut,TUR,Q207917,Mount Nemrut,mountain and UNESCO World Heritage Site in Turkey,0.03,61,Q8502|Q839954|Q29553,whs,yes,unique
G171,Mount Nemrut,TUR,Q19802324,Mount Nemrut National Park,national park in Turkey,0.07,3,Q108060568,search,no,near
G171,Mount Nemrut,TUR,Q140421903,Mount Nemrut Dağı,Roman mithraeum in Turkey,0.37,0,Q1151014,search,no,near
G171,Mount Nemrut,TUR,Q31577012,Nemrut Dağı,mountain in Turkey,121.11,1,Q8502,search,no,far
G171,Mount Nemrut,TUR,Q948747,Nemrut,"mountain in Bitlis Province, Turkey",314.1,33,Q8502|Q1325302,search,yes,far
G171,Mount Nemrut,TUR,Q34885088,Nemrut Hill,"mountain in Manisa, western Turkey",990.64,1,Q54050,search,no,far
G171,Mount Nemrut,TUR,Q201861,Nimrod,king of Shinar (Genesis 10),,62,Q20643955,search,no,far
G171,Mount Nemrut,TUR,Q3598068,20936 Nemrut Dagi,asteroid,,11,Q3863,search,no,far
G171,Mount Nemrut,TUR,Q1611512,Nemrut Dağı,Wikimedia disambiguation page,,5,Q4167410,search,no,far
G171,Mount Nemrut,TUR,Q124250236,Sergey Safaryan,,,2,Q5,search,no,far
G171,Mount Nemrut,TUR,Q19724796,Nemrut Awrohum,association football player,,1,Q5,search,no,far
G171,Mount Nemrut,TUR,Q104380574,Nemrut Bay,ship built in 2019,,1,Q11446,search,no,far
G171,Mount Nemrut,TUR,Q103959636,Nemrut Dağ,encyclopedia article,,0,Q13433827,search,yes,far
G172,Hattusha,TUR,Q181007,Hattusa,capital of Hittite empire,1.86,71,Q839954,search,yes,ambiguous
G172,Hattusha,TUR,Q848800,Boğazkale,"district in Çorum Province, Turkey",2.05,34,Q3957,search,yes,ambiguous
G172,Hattusha,TUR,Q135582664,Hattusha Temple XXVI,,0.64,0,Q44539,search,no,near
G172,Hattusha,TUR,Q135582676,Hattusha Temple X,,0.84,0,Q44539,search,no,near
G172,Hattusha,TUR,Q135582679,Hattusha Temple XIII,,0.84,0,Q44539,search,no,near
G172,Hattusha,TUR,Q135582661,Hattusha Temple VIII,,0.9,0,Q44539,search,no,near
G172,Hattusha,TUR,Q135582659,Hattusha Temple VII,,1.06,0,Q44539,search,no,near
G172,Hattusha,TUR,Q64699502,Hattusha: the Hittite Capital,World Heritage site in Turkey,1.33,0,Q18247357,whs,no,near
G172,Hattusha,TUR,Q117322686,Boğazkale district,"district of Çorum, north-central Turkey",1.54,2,Q1147395,search,no,near
G172,Hattusha,TUR,Q123365035,Hattusa Green Stone,block of nephrite in Turkey,1.82,4,Q860861,search,no,near
G172,Hattusha,TUR,Q133475657,Hattuşa Library,library in Boğazkale District,1.85,0,Q7075,search,no,near
G172,Hattusha,TUR,Q31188759,Boğazköy Museum,museum in Çorum District,2.52,3,Q33506|Q3329412,search,no,near
G172,Hattusha,TUR,Q15961679,Boğazkale,district of Turkey,4.09,2,Q486972,search,yes,near
G172,Hattusha,TUR,Q20473289,Boğazkale Alaçahöyük Milli Parkı,national park and and wildlife refuge in Turkey,8.04,3,Q108060568|Q839954,search,no,far
G172,Hattusha,TUR,Q24552766,Hattusaari,"island in Southern Savonia, Finland",2502.37,2,Q23442,search,no,far
G172,Hattusha,TUR,Q24331934,Hattusaari,,2602.18,2,Q23442,search,no,far
G172,Hattusha,TUR,Q35668,Hittite,extinct Bronze Age Indo-European language,,75,Q45762|Q436240,search,no,far
G172,Hattusha,TUR,Q136208441,Hattusa Bronze Tablet,,,3,Q16744570,search,no,far
G172,Hattusha,TUR,Q2676988,,Wikimedia disambiguation page,,1,Q4167410,search,no,far
G173,Safranbolu,TUR,Q192501,Safranbolu,"district and town in Karabük Province, Turkey",0.95,65,Q3957|Q56061,search,yes,unique
G173,Safranbolu,TUR,Q2662858,Safranbolu district,"district of Karabük, northwestern Turkey",0.11,6,Q1147395,search,no,near
G173,Safranbolu,TUR,Q21526882,Safranbolu Clock Tower,,0.24,2,Q853854,search,no,near
G173,Safranbolu,TUR,Q49278113,Safranbolu,,0.66,1,,search,yes,near
G173,Safranbolu,TUR,Q64705254,City of Safranbolu,World Heritage site in Turkey,1.69,0,Q18247357,whs,no,near
G173,Safranbolu,TUR,Q1848382,Safranbolulu Izzet Mehmet Pasha,Ottoman Grand Vizier (1743-1812),,8,Q5,search,no,far
G173,Safranbolu,TUR,Q6056509,Safranbolulu Mehmed Emin Paşa,,,1,Q5,search,no,far
G173,Safranbolu,TUR,Q108228691,SAFRANBOLU,protected area in Turkey (05.02.0038),,0,Q473972,search,yes,far
G174,Antalya,TUR,Q6487,Antalya,city in Turkey,2.68,136,Q2716259|Q1549591|Q515,search,yes,ambiguous
G174,Antalya,TUR,Q827480,Antalya Airport,"international airport in Antalya, Turkey",8.08,45,Q644371|Q1248784|Q94993988,search,no,ambiguous
G174,Antalya,TUR,Q4306139,Kaleici Museum,museum in Muratpaşa District,0.31,5,Q33506,search,no,near
G174,Antalya,TUR,Q5994531,Kaleiçi,"historical center of Antalya, Turkey",0.44,7,Q676050,search,yes,near
G174,Antalya,TUR,Q30279759,Antalya Eğitim ve Araştırma Hastanesi,"healthcare organization in Antalya, Turkey",2.38,0,Q4287745|Q7257872,search,no,near
G174,Antalya,TUR,Q40249,Antalya Province,province in southwest Turkey,38.76,98,Q48336,search,no,far
G174,Antalya,TUR,Q81598,Gulf of Antalya,bay of the Mediterranean Sea,50.29,29,Q1322134|Q39594,search,no,far
G174,Antalya,TUR,Q1049525,Turkish Riviera,geographic region,85.74,29,Q82794|Q93352,search,yes,far
G174,Antalya,TUR,Q127786867,Kaleiçi Arasta Mosque,"mosque in Merkezefendi, Denizli",174.7,1,Q32815,search,no,far
G174,Antalya,TUR,Q132134142,Kaleiçi Mosque,"mosque in Kuşadası, Aydın, southwestern Turkey",323.22,1,Q32815|Q71974,search,no,far
G174,Antalya,TUR,Q6099132,Antalya,electoral district for the Grand National Assembly of Turkey,372.78,2,Q106114863,search,yes,far
G174,Antalya,TUR,Q98382213,Kaleiçi,"mahalle (administrative quarter) in Çatalca, İstanbul–Europe, northwestern Turkey",511.79,2,Q17051044,search,yes,far
G174,Antalya,TUR,Q127418334,Kaleiçi Mosque,"mosque in İstanbul, Turkey",511.8,1,Q32815,search,no,far
G174,Antalya,TUR,Q25212572,Turquoise Coast,coastal region in Western Australia,11525.18,1,Q93352|Q431289,search,yes,far
G174,Antalya,TUR,Q4066953,Ottoman torpedo boat Antalya,ottoman and Greek torpedo boat,,7,Q324233,search,no,far
G174,Antalya,TUR,Q22350362,Turquoise Coast,Wikimedia disambiguation page,,1,Q4167410,search,yes,far
G174,Antalya,TUR,Q136455539,Kaleiçi,"mahalle (administrative quarter) in Amasra, Bartın, northwestern Turkey",,0,Q17051044,search,yes,far
G175,Mount Ararat,TUR,Q72303,Mount Ararat,highest peak in Turkey,0.03,111,Q8502|Q8072|Q169358,search,yes,ambiguous
G175,Mount Ararat,TUR,Q39504,Ararat,city in Armenia,37.55,51,Q20724701,search,yes,ambiguous
G175,Mount Ararat,TUR,Q199880,Ararat Province,province of Armenia,43.0,72,Q514860,search,no,ambiguous
G175,Mount Ararat,TUR,Q96897217,Mount Ararat,"tor on Dartmoor, England",3878.0,0,Q1343179,search,yes,far
G175,Mount Ararat,TUR,Q6919429,Mount Ararat,"mountain in Pennsylvania, United States of America",9106.03,5,Q8502,search,yes,far
G175,Mount Ararat,TUR,Q49051888,Mount Ararat,"mountain in Plumas County, California, United States of America",11049.5,1,Q8502,search,yes,far
G175,Mount Ararat,TUR,Q49051884,Mount Ararat,"mountain in El Dorado County, California, United States of America",11151.88,1,Q8502,search,yes,far
G175,Mount Ararat,TUR,Q21922050,Mount Ararat,mountain in Australia,13185.46,2,Q8502,search,yes,far
G175,Mount Ararat,TUR,Q626295,Ararat,"city in Victoria, Australia",13189.07,34,Q515|Q45242174,search,yes,far
G175,Mount Ararat,TUR,Q626304,Ararat,2002 film by Atom Egoyan,,21,Q11424,search,yes,far
G175,Mount Ararat,TUR,Q224614,Ağrı Dağı Efsanesi,Turkish opera by Çetin Işıközlü,,4,Q58483083,search,no,far
G175,Mount Ararat,TUR,Q58431354,Ararat,genus of insects,,3,Q16521,search,yes,far
G175,Mount Ararat,TUR,Q59008004,Mount Ararat,mountain on Curaçao,,2,Q8502,search,yes,far
G175,Mount Ararat,TUR,Q43218340,Ağrı Dağı Efsanesi,Turkish band,,1,Q215380,search,no,far
G175,Mount Ararat,TUR,Q6077511,Ağrı Dağı Efsanesi,1975 film by Memduh Ün,,1,Q11424,search,no,far
G175,Mount Ararat,TUR,Q109398169,Ağrı Dağından Aştım,,,1,,search,no,far
G175,Mount Ararat,TUR,Q108228034,Agri Dagi,protected area in Turkey (02.0035),,0,Q473972,search,yes,far
G175,Mount Ararat,TUR,Q6019255,Ağrı Dağı Efsanesi,Turkish musical piece,,0,Q105543609,search,no,far
G175,Mount Ararat,TUR,Q107407737,Ararat,family name,,0,Q101352|Q17143070,search,yes,far
G176,Bodrum,TUR,Q172267,Bodrum,"district and town of Muğla, Turkey",0.07,89,Q3957|Q149621,search,yes,ambiguous
G176,Bodrum,TUR,Q1113602,Bodrum Castle,fortification,0.26,28,Q23413,search,no,ambiguous
G176,Bodrum,TUR,Q5843680,Halicarnassus,"ancient Greek city in Caria, present day Bodrum in Turkey",0.67,52,Q15661340|Q839954|Q148837,search,yes,ambiguous
G176,Bodrum,TUR,Q1960660,Bodrum district,"district of Muğla, southwestern Turkey",0.05,3,Q1147395,search,no,near
G176,Bodrum,TUR,Q111386721,Bodrum,"port in Muğla Province, Turkey",0.31,0,Q44782,search,yes,near
G176,Bodrum,TUR,Q6023471,Ancient Theatre of Halicarnassus,"ancient Greek theatre of Halicarnassos, altered in Roman times, in Bodrum, Turkey",1.01,8,Q2860319|Q839954|Q19757|Q14752696,search,no,near
G176,Bodrum,TUR,Q234852,basement,below-ground floor of a building,,67,,search,no,far
G176,Bodrum,TUR,Q25479540,Bodrum Masalı,television series,,7,Q5398426,search,no,far
G176,Bodrum,TUR,Q1571035,Halicarnassus,titular see,,3,Q15217609,search,yes,far
G176,Bodrum,TUR,Q12808911,Bodrum,song performed by Hande Yener,,1,Q105543609,search,yes,far
G176,Bodrum,TUR,Q11326798,Halicarnassus,,,1,Q726,search,yes,far
G176,Bodrum,TUR,Q125601462,Halicarnassus Film Festival,,,0,Q220505,search,no,far
G177,Ankara,TUR,Q2297724,Ankara Province,province in west-central Turkey,0.91,88,Q48336,search,no,ambiguous
G177,Ankara,TUR,Q206225,Ankara Castle,"castle in Ankara, Turkey",0.95,23,Q23413|Q57346|Q35112127,search,no,ambiguous
G177,Ankara,TUR,Q800389,Ankara railway station,"main railway station in Ankara, central Turkey",1.42,20,Q18543139|Q55488|Q22808404|Q11606300,search,no,ambiguous
G177,Ankara,TUR,Q3640,Ankara,capital of Turkey,1.83,241,Q2716259|Q515,search,yes,ambiguous
G177,Ankara,TUR,Q1060621,Ankara University,"state university in Ankara, Turkey",2.55,40,Q875538|Q45400320,search,no,ambiguous
G177,Ankara,TUR,Q387789,Ankaran,human settlement in Slovenia,1677.47,29,Q486972|Q902814,search,no,far
G177,Ankara,TUR,Q60424432,Angora,"human settlement in Nanoor community development block, Bolpur subdivision, Birbhum district, India",5415.42,1,Q56436498,search,yes,far
G177,Ankara,TUR,Q916,Angola,country on the west coast of Southern Africa,6030.6,323,Q3624078|Q200464|Q6256|Q333542,search,no,far
G177,Ankara,TUR,Q4763847,Angora,"SEPTA railway station, Philadelphia",8532.19,3,Q55488,search,yes,far
G177,Ankara,TUR,Q556570,Ankaraspor,Turkish sports club,,44,Q476028|Q847017,search,no,far
G177,Ankara,TUR,Q542460,angora wool,"fur of the angora rabbit, used as a textile fiber",,25,,search,no,far
G177,Ankara,TUR,Q114289475,HMS Angora,1910 passenger ship converted to minelayer,,1,Q2055880|Q640078,search,no,far
G177,Ankara,TUR,Q18250574,Fgf5,protein-coding gene in the species Mus musculus,,0,Q7187,search,no,far
G178,Sumela Monastery,TUR,Q1419157,Sümela Monastery,Greek Orthodox monastery and Tentative UNESCO World Heritage Site in Turkey,0.03,34,Q44613|Q839954,search,yes,unique
G178,Sumela Monastery,TUR,Q11215676,Sumelap,"subdistrict in Tasikmalaya City, West Java, Indonesia",8783.88,7,Q965568|Q26211545,search,no,far
G178,Sumela Monastery,TUR,Q29183319,Sümela'nin Sifresi 3: Cünyor Temel,2017 film by Adem Kiliç,,2,Q11424,search,no,far
G178,Sumela Monastery,TUR,Q17450901,Sümela'nin Sifresi: Temel,2011 film by Adem Kiliç,,2,Q11424,search,no,far
G178,Sumela Monastery,TUR,Q516421,Sumela Kay,Canadian actress,,1,Q5,search,no,far
G178,Sumela Monastery,TUR,Q100566586,Sumela Seaways,RoRo ship,,1,Q473932,search,no,far
G178,Sumela Monastery,TUR,Q133413135,,,,0,Q5,search,no,far
G179,Izmir,TUR,Q1379299,Smyrna,"ancient Greek city, located in present day İzmir, Turkey",0.49,30,Q133442|Q839954|Q148837,search,yes,ambiguous
G179,Izmir,TUR,Q35997,İzmir,"city in İzmir Province, Turkey",1.21,165,Q2716259|Q2264924,search,yes,ambiguous
G179,Izmir,TUR,Q344490,İzmir Province,province in west Turkey,1.24,87,Q48336,search,no,ambiguous
G179,Izmir,TUR,Q20723394,İzmir (1st electoral district),"first of two electoral districts of İzmir, Turkey",28.98,2,Q106114863,search,no,far
G179,Izmir,TUR,Q1536377,Gulf of İzmir,gulf of the Aegean Sea,29.2,25,Q1322134|Q39594,search,no,far
G179,Izmir,TUR,Q7546719,Smyrna,"town in Chenango County, New York, US",8102.33,21,Q15127012|Q106071004,search,yes,far
G179,Izmir,TUR,Q755736,Smyrna,"town in Delaware, United States",8333.28,39,Q15127012,search,yes,far
G179,Izmir,TUR,Q996433,Smyrna,"town in Rutherford County, Tennessee, United States",9300.91,38,Q15127012,search,yes,far
G179,Izmir,TUR,Q958676,Smyrna,"city in Cobb County, Georgia, United States",9329.3,41,Q1093829|Q76514543,search,yes,far
G179,Izmir,TUR,Q6130518,Smyrna,genus of insects,,9,Q16521,search,yes,far
G179,Izmir,TUR,Q6057545,Izmir,ship built in 1955,,3,Q39804,search,yes,far
G179,Izmir,TUR,Q8080262,İzmir Büyükşehir Belediyesi SK,Turkish sports club,,3,Q476028|Q10517054|Q847017,search,no,far
G179,Izmir,TUR,Q6099549,İzmir,"electoral districts of İzmir, Turkey",,3,Q192611,search,yes,far
G179,Izmir,TUR,Q123820197,Izmir,,,0,Q202444,search,yes,far
G180,Ölüdeniz,TUR,Q1344290,Ölüdeniz,"mahalle (administrative quarter) in Fethiye, Muğla, southwestern Turkey",3.17,25,Q17051044,search,yes,unique
G180,Ölüdeniz,TUR,Q61075941,Ölüdeniz-Kıdrak Nature Park,protected area of natural habitats and historically significant structures in Turkey,0.44,2,Q108060572,search,no,near
G180,Ölüdeniz,TUR,Q139431420,,,1.07,0,Q163687,search,no,near
G180,Ölüdeniz,TUR,Q573993,Blue Lagoon,lagoon in Malta,1325.99,6,Q187223,search,yes,far
G180,Ölüdeniz,TUR,Q886946,Blue Lagoon,lake in Iceland,4560.29,41,Q23397|Q1004887|Q13586493|Q177380,search,yes,far
G180,Ölüdeniz,TUR,Q21894326,Blue Lagoon,lake in Australia,12238.56,2,Q23397,search,yes,far
G180,Ölüdeniz,TUR,Q83767,The Blue Lagoon,1980 film by Randal Kleiser,,49,Q11424,search,no,far
G180,Ölüdeniz,TUR,Q2800664,Blue Lagoon,cocktail featuring blue Curaçao,,15,,search,yes,far
G180,Ölüdeniz,TUR,Q655261,Blue Lagoon,German pop group,,7,Q215380,search,yes,far
G180,Ölüdeniz,TUR,Q11661022,Aoi Sangoshō,1980 single by Seiko Matsuda,,4,Q134556,search,no,far
G180,Ölüdeniz,TUR,Q20476875,,album by Ezginin Günlüğü,,1,Q482994,search,no,far
G180,Ölüdeniz,TUR,Q5991567,,Wikimedia disambiguation page,,1,Q4167410,search,no,far
G180,Ölüdeniz,TUR,Q72284820,,,,0,Q1154710,search,no,far
G181,Lake Van,TUR,Q126307,Lake Van,largest lake in Turkey,7.47,90,Q188025|Q11349558|Q3511952,search,yes,unique
G181,Lake Van,TUR,Q48803111,Lake Van Ferry,a railway ferry service operating on Lake Van,22.49,3,Q4830453|Q20180855,search,no,near
G181,Lake Van,TUR,Q29018464,Lake Vana-Koiola,lake in Estonia,2432.36,4,Q23397,search,no,far
G181,Lake Van,TUR,Q22680883,Lake Vänern Archipelago,biosphere reserve in Sweden | designated in 2010,3066.44,3,Q158454,search,no,far
G181,Lake Van,TUR,Q21957352,Lake Vancouver,lake in Western Australia,11251.09,5,Q23397,search,no,far
G181,Lake Van,TUR,Q122572612,Lake Van,"hamlet in Chaves County, New Mexico, United States",11340.98,0,Q486972|Q5084,search,yes,far
G181,Lake Van,TUR,Q1190747,Lake Vanda,meromictic lake,14865.6,28,Q1165822|Q9019918|Q2912558,search,no,far
G181,Lake Van,TUR,Q425806,Lake Van Monster,lake monster said to live in eastern Turkey,,9,Q1187704,search,no,far
G181,Lake Van,TUR,Q85976062,Lake Van Express,Train service in Turkey,,2,Q15141321,search,no,far
G181,Lake Van,TUR,Q118956082,,,,1,,search,no,far
G181,Lake Van,TUR,Q122751112,Van Gölü Havzası’nda Bazı Endemik ve Nadir Astragalus Taksonlarının Filogenetik İlişkilerinin Belirlenmesi,scientific article published in 2023,,0,Q13442814,search,no,far
G181,Lake Van,TUR,Q124936636,VAN GÖLÜ EDREMİT KIYISI YÜZEY SULARINDA AĞIR METAL KİRLİLİĞİNİN ARAŞTIRILMASI,scientific article published in 2020,,0,Q13442814,search,no,far
G182,Konya,TUR,Q79857,Konya,"metropolitan municipality in Central Anatolia, Turkey",0.11,115,Q515|Q1549591|Q6024226,search,yes,ambiguous
G182,Konya,TUR,Q81551,Konya Province,province in central Turkey,0.11,82,Q48336|Q2716259,search,no,ambiguous
G182,Konya,TUR,Q132559332,Iconium,The city of Konya before and in Roman times,0.07,1,Q839954|Q22674925,search,yes,near
G182,Konya,TUR,Q1431754,Konya Airport,"military air base and public airport in Konya, Turkey",13.32,20,Q1248784|Q94993988,search,no,far
G182,Konya,TUR,Q6430439,Konya,electoral district in Turkey,32.77,3,Q106114863,search,yes,far
G182,Konya,TUR,Q109384182,Mevlana,"mahalle (administrative quarter) in Yıldırım, Bursa, northwestern Turkey",390.15,3,Q17051044,search,yes,far
G182,Konya,TUR,Q6067053,Mevlana,"mahalle (administrative quarter) in Ataşehir, İstanbul–Asia, northwestern Turkey",449.54,4,Q17051044,search,yes,far
G182,Konya,TUR,Q6084295,Mevlana,"mahalle (administrative quarter) in Bornova, İzmir, western Turkey",463.83,3,Q17051044,search,yes,far
G182,Konya,TUR,Q6073466,Mevlana,"mahalle (administrative quarter) in Gaziosmanpaşa, İstanbul–Europe, northwestern Turkey",471.45,3,Q17051044,search,yes,far
G182,Konya,TUR,Q18153343,Iconium,human settlement in United States of America,9651.95,5,Q17343829,search,yes,far
G182,Konya,TUR,Q5986654,Iconium,"unincorporated community in Cannon County, Tennessee, United States",9668.68,1,Q17343829,search,yes,far
G182,Konya,TUR,Q5986657,Iconium,"unincorporated community in St. Clair County, Missouri, United States",9922.06,2,Q17343829,search,yes,far
G182,Konya,TUR,Q513840,Konyaspor,Turkish sports club,,48,Q476028,search,no,far
G182,Konya,TUR,Q109386985,Mevlana,"mahalle (administrative quarter) in Bafra, Samsun, northern Turkey",,3,Q17051044,search,yes,far
G182,Konya,TUR,Q109384865,Mevlana,"mahalle (administrative quarter) in Toroslar, Mersin, south-central Turkey",,3,Q17051044,search,yes,far
G182,Konya,TUR,Q1564320,Iconium,Titular see,,3,Q15217609,search,yes,far
G182,Konya,TUR,Q87185444,Konya,family name,,1,Q101352,search,yes,far
G182,Konya,TUR,Q86029903,Kónya,family name,,1,Q101352,search,yes,far
G182,Konya,TUR,Q20000697,Mevlana,female given name,,0,Q11879590,search,yes,far
G183,Mardin,TUR,Q188022,Mardin,city in Turkey,0.01,78,Q2716259|Q515|Q1549591,search,yes,ambiguous
G183,Mardin,TUR,Q131293,Mardin Province,province in southeast Turkey,1.82,79,Q48336,search,no,ambiguous
G183,Mardin,TUR,Q6758678,Mardin,electoral district in Turkey,10.57,3,Q106114863,search,yes,far
G183,Mardin,TUR,Q6758689,Mardingding,"district in Karo Regency, North Sumatra Province, Indonesia",6938.75,8,Q3700011,search,no,far
G183,Mardin,TUR,Q37234698,Mardini,family name,,3,Q101352,search,no,far
G183,Mardin,TUR,Q16875746,Mardin,family name,,2,Q101352,search,yes,far
G183,Mardin,TUR,Q123885209,Mardin,Indonesian politician (born 1966 in Sumbawa),,0,Q5,search,yes,far
G184,Alanya,TUR,Q171810,Alanya,"district and town in Antalya, Turkey",0.08,87,Q815324,search,yes,ambiguous
G184,Alanya,TUR,Q81593,Alanya Castle,castle,1.29,20,Q23413|Q839954,search,yes,ambiguous
G184,Alanya,TUR,Q131738754,Alanya Castle Baths,hammam in Alanya District,1.63,0,Q28077,search,no,near
G184,Alanya,TUR,Q1635214,Alanya district,"district of Antalya, southwestern Turkey",4.89,3,Q1147395,search,no,near
G184,Alanya,TUR,Q6368287,Karamanlar,"mahalle (administrative quarter) in Alanya, Antalya, southwestern Turkey",23.55,8,Q17051044,search,no,far
G184,Alanya,TUR,Q6487,Antalya,city in Turkey,123.02,136,Q2716259|Q1549591|Q515,search,no,far
G184,Alanya,TUR,Q4708293,Alanyalı,"mahalle (administrative quarter) in Toroslar, Mersin, south-central Turkey",231.84,8,Q17051044,search,no,far
G184,Alanya,TUR,Q1636019,Alanyaspor,professional association football club based in Turkey,,39,Q476028,search,no,far
G184,Alanya,TUR,Q110293598,Alanya,hymn tune,,0,Q105543609,search,yes,far
G185,Şanlıurfa,TUR,Q133118,Şanlıurfa,city in Turkey,0.09,99,Q2716259|Q1549591|Q515,search,yes,ambiguous
G185,Şanlıurfa,TUR,Q1190403,Edessa,"ancient city in upper Mesopotamia, modern day Urfa, Southeast Turkey",1.25,43,Q15661340|Q839954|Q148837,search,yes,ambiguous
G185,Şanlıurfa,TUR,Q2339523,Şanlıurfa,district of Turkey,0.42,3,Q1147395,search,yes,near
G185,Şanlıurfa,TUR,Q30260682,Şanlıurfa Mehmet Akif İnan Eğitim ve Araştırma Hastanesi,"healthcare organization in Sanliurfa, Turkey",3.27,0,Q4287745|Q7257872,search,no,near
G185,Şanlıurfa,TUR,Q8082419,Şanlıurfa,electoral district for the Grand National Assembly of Turkey,21.1,2,Q106114863,search,yes,far
G185,Şanlıurfa,TUR,Q388469,Şanlıurfa Province,province in southeast Turkey,24.66,79,Q48336,search,no,far
G185,Şanlıurfa,TUR,Q38281331,Edessa,ancient city of Macedonia,1499.31,3,Q839954|Q148837,search,yes,far
G185,Şanlıurfa,TUR,Q209978,Edessa,"city in Macedonia, Greece",1499.99,51,Q515,search,yes,far
G185,Şanlıurfa,TUR,Q12275550,Edessa Municipality,"municipality of Macedonia, Greece",1509.95,11,Q1349648,search,no,far
G185,Şanlıurfa,TUR,Q26037278,Urfas II,"village in Waropen Regency, Papua, Indonesia",10834.01,1,Q12488913,search,no,far
G185,Şanlıurfa,TUR,Q388487,Şanlıurfaspor,professional association football club based in Turkey,,19,Q476028,search,no,far
G185,Şanlıurfa,TUR,Q4054399,Urfan Abbasov,Azerbaijani association football player,,11,Q5,search,no,far
G185,Şanlıurfa,TUR,Q10479886,Edessa,genus of insects,,7,Q16521,search,yes,far
G185,Şanlıurfa,TUR,Q19839649,Şanlıurfa Subregion,"subregion in Southeast Anatolia, Turkey",,5,Q15042037,search,no,far
G185,Şanlıurfa,TUR,Q110026008,Urfa,1904 Antalya-class torpedo boat,,2,Q324233,search,yes,far
G185,Şanlıurfa,TUR,Q21228780,Urfacus,genus of insects,,1,Q16521,search,no,far
G185,Şanlıurfa,TUR,Q106351844,Urfa,,,0,Q106114863,search,yes,far
G185,Şanlıurfa,TUR,Q103362619,Urfat Nuriyev,,,0,Q5,search,no,far
G185,Şanlıurfa,TUR,Q111781261,Edessa,cemetery Edessa Greece,,0,Q39614,search,yes,far
G186,Gaziantep,TUR,Q6026101,Gaziantep Castle,castle in Turkey,0.05,24,Q23413|Q839954,search,yes,ambiguous
G186,Gaziantep,TUR,Q93338,Gaziantep,city in Turkey,0.49,120,Q2716259|Q1549591|Q515,search,yes,ambiguous
G186,Gaziantep,TUR,Q483154,Gaziantep Province,province in south-central Turkey,4.81,80,Q48336,search,no,ambiguous
G186,Gaziantep,TUR,Q1496654,Gaziantep University,"state university in Gaziantep, Turkey",7.13,33,Q875538|Q45400320,search,no,ambiguous
G186,Gaziantep,TUR,Q1431357,Oğuzeli Airport,airport in Gaziantep,15.66,23,Q1248784|Q94993988,search,no,far
G186,Gaziantep,TUR,Q6099466,Gaziantep,electoral district for the Grand National Assembly of Turkey,247.58,3,Q106114863,search,yes,far
G186,Gaziantep,TUR,Q824850,Gaziantep F.K.,professional association football club based in Turkey,,40,Q476028,search,no,far
G186,Gaziantep,TUR,Q285722,Gaziantepspor,professional association football club based in Turkey,,36,Q476028,search,no,far
G186,Gaziantep,TUR,Q572024,antependium,"decorative piece, usually of textile, but also metalwork, stone or other material that can adorn a Christian altar",,31,,search,no,far
G186,Gaziantep,TUR,Q11703370,premature rupture of membranes,Human disease,,20,,search,no,far
G186,Gaziantep,TUR,Q2938089,peripartum cardiomyopathy,human disease,,13,Q112193867,search,no,far
G186,Gaziantep,TUR,Q4034104,Antepipona,genus of potter wasps,,10,Q16521,search,no,far
G186,Gaziantep,TUR,Q4771300,Antepione,genus of insects,,9,Q16521,search,no,far
G186,Gaziantep,TUR,Q18554442,severe pre-eclampsia,Human disease,,0,Q112193867,search,no,far
